instrument,TR.PriceCloseDate,TR.PriceClose,TR.PriceOpen,TR.PriceHigh,TR.PriceLow,TR.Volume
US1115721037,1992-11-04T00:00:00,6.0,5.875,6.0,5.75,0
US1115721037,1992-11-05T00:00:00,6.0,6.0,6.0,5.75,0
US1115721037,1992-11-06T00:00:00,6.5,6.0,6.5,6.0,0
US1115721037,1992-11-09T00:00:00,6.625,6.625,6.75,6.5,0
US1115721037,1992-11-10T00:00:00,6.625,6.625,6.625,6.5,0
US1115721037,1992-11-11T00:00:00,6.625,6.5,6.75,6.5,0
US1115721037,1992-11-12T00:00:00,6.25,6.75,6.75,6.25,0
US1115721037,1992-11-13T00:00:00,6.5,6.375,6.5,6.375,0
US1115721037,1992-11-16T00:00:00,6.5,6.5,6.5,6.375,0
US1115721037,1992-11-17T00:00:00,6.5,6.5,6.625,6.5,0
US1115721037,1992-11-18T00:00:00,6.75,6.625,6.75,6.625,0
US1115721037,1992-11-19T00:00:00,7.0,6.75,7.0,6.75,0
US1115721037,1992-11-20T00:00:00,7.125,7.0,7.125,7.0,0
US1115721037,1992-11-23T00:00:00,7.625,7.125,7.625,7.0,0
US1115721037,1992-11-24T00:00:00,8.0,7.75,8.25,7.75,0
US1115721037,1992-11-25T00:00:00,8.0,8.0,8.0,7.875,0
US1115721037,1992-11-27T00:00:00,8.0,8.0,8.125,7.875,0
US1115721037,1992-11-30T00:00:00,8.625,8.25,8.625,8.25,0
US1115721037,1992-12-01T00:00:00,8.625,8.875,8.875,8.375,0
US1115721037,1992-12-02T00:00:00,8.375,8.625,8.625,8.125,0
US1115721037,1992-12-03T00:00:00,8.75,8.625,8.75,8.625,0
US1115721037,1992-12-04T00:00:00,9.25,9.0,9.5,9.0,0
US1115721037,1992-12-07T00:00:00,9.25,9.5,9.5,9.125,0
US1115721037,1992-12-08T00:00:00,9.625,9.375,9.625,9.25,0
US1115721037,1992-12-09T00:00:00,10.0,9.75,10.0,9.5,0
US1115721037,1992-12-10T00:00:00,10.375,10.0,10.75,10.0,0
US1115721037,1992-12-11T00:00:00,9.5,10.375,10.375,9.5,0
US1115721037,1992-12-14T00:00:00,8.75,9.25,9.625,8.375,0
US1115721037,1992-12-15T00:00:00,8.75,8.625,8.875,8.625,0
US1115721037,1992-12-16T00:00:00,8.625,8.75,9.0,8.5,0
US1115721037,1992-12-17T00:00:00,8.875,8.5,9.0,8.5,0
US1115721037,1992-12-18T00:00:00,9.375,9.0,9.625,9.0,0
US1115721037,1992-12-21T00:00:00,9.125,9.375,9.5,9.125,0
US1115721037,1992-12-22T00:00:00,8.75,9.125,9.375,8.75,0
US1115721037,1992-12-23T00:00:00,8.75,8.875,9.125,8.75,0
US1115721037,1992-12-24T00:00:00,8.875,8.75,8.875,8.75,0
US1115721037,1992-12-28T00:00:00,8.875,8.875,9.0,8.75,0
US1115721037,1992-12-29T00:00:00,8.75,8.875,8.875,8.75,0
US1115721037,1992-12-30T00:00:00,8.5,8.75,8.75,8.375,0
US1115721037,1992-12-31T00:00:00,8.875,8.375,8.875,8.375,0
US1115721037,1993-01-04T00:00:00,8.5,8.875,8.875,8.375,0
US1115721037,1993-01-05T00:00:00,8.5,8.5,8.5,8.25,0
US1115721037,1993-01-06T00:00:00,8.875,8.625,8.875,8.625,0
US1115721037,1993-01-07T00:00:00,8.75,8.875,9.0,8.75,0
US1115721037,1993-01-08T00:00:00,8.5,8.75,8.75,8.5,0
US1115721037,1993-01-11T00:00:00,8.375,8.5,8.5,8.375,0
US1115721037,1993-01-12T00:00:00,8.375,8.375,8.625,8.375,0
US1115721037,1993-01-13T00:00:00,8.375,8.5,8.625,8.375,0
US1115721037,1993-01-14T00:00:00,8.375,8.5,8.5,8.25,0
US1115721037,1993-01-15T00:00:00,8.25,8.5,8.5,8.25,0
US1115721037,1993-01-18T00:00:00,7.75,8.5,8.5,7.625,0
US1115721037,1993-01-19T00:00:00,8.0,7.75,8.0,7.25,0
US1115721037,1993-01-20T00:00:00,8.125,8.0,8.25,7.875,0
US1115721037,1993-01-21T00:00:00,7.875,8.25,8.25,7.75,0
US1115721037,1993-01-22T00:00:00,8.125,7.75,8.125,7.75,0
US1115721037,1993-01-25T00:00:00,9.0,8.375,9.0,8.25,0
US1115721037,1993-01-26T00:00:00,9.5,9.125,10.125,9.0,0
US1115721037,1993-01-27T00:00:00,8.875,9.5,9.625,8.75,0
US1115721037,1993-01-28T00:00:00,9.375,9.0,9.375,9.0,0
US1115721037,1993-01-29T00:00:00,9.875,9.25,9.875,9.25,0
US1115721037,1993-02-01T00:00:00,9.875,9.75,10.0,9.625,0
US1115721037,1993-02-02T00:00:00,10.25,10.0,10.5,10.0,0
US1115721037,1993-02-03T00:00:00,11.25,10.375,11.25,10.25,0
US1115721037,1993-02-04T00:00:00,11.25,11.25,11.625,11.25,0
US1115721037,1993-02-05T00:00:00,10.625,11.0,11.375,10.5,0
US1115721037,1993-02-08T00:00:00,10.875,10.625,11.125,10.625,0
US1115721037,1993-02-09T00:00:00,11.0,10.875,11.0,10.625,0
US1115721037,1993-02-10T00:00:00,11.25,10.875,11.25,10.875,0
US1115721037,1993-02-11T00:00:00,11.625,11.375,11.625,11.25,0
US1115721037,1993-02-12T00:00:00,11.375,11.625,11.625,11.375,0
US1115721037,1993-02-16T00:00:00,10.5,11.25,11.25,10.25,0
US1115721037,1993-02-17T00:00:00,9.875,10.625,10.625,9.875,0
US1115721037,1993-02-18T00:00:00,9.875,10.0,10.25,9.75,0
US1115721037,1993-02-19T00:00:00,10.0,9.75,10.0,9.625,0
US1115721037,1993-02-22T00:00:00,9.75,10.0,10.0,9.75,0
US1115721037,1993-02-23T00:00:00,9.75,9.875,10.0,9.75,0
US1115721037,1993-02-24T00:00:00,9.875,10.0,10.0,9.875,0
US1115721037,1993-02-25T00:00:00,9.875,9.875,9.875,9.75,0
US1115721037,1993-02-26T00:00:00,9.625,9.75,9.875,9.625,0
US1115721037,1993-03-01T00:00:00,9.5,9.5,9.5,9.375,0
US1115721037,1993-03-02T00:00:00,9.875,9.625,9.875,9.5,0
US1115721037,1993-03-03T00:00:00,9.875,9.75,9.875,9.625,0
US1115721037,1993-03-04T00:00:00,9.625,9.75,9.875,9.5,0
US1115721037,1993-03-05T00:00:00,9.5,9.5,9.625,9.375,0
US1115721037,1993-03-08T00:00:00,10.5,9.625,10.625,9.625,0
US1115721037,1993-03-09T00:00:00,10.0,10.25,10.25,9.875,0
US1115721037,1993-03-10T00:00:00,9.875,9.875,9.875,9.75,0
US1115721037,1993-03-11T00:00:00,10.75,9.875,11.0,9.875,0
US1115721037,1993-03-12T00:00:00,10.75,10.5,10.875,10.375,0
US1115721037,1993-03-15T00:00:00,10.625,10.75,10.75,10.625,0
US1115721037,1993-03-16T00:00:00,10.875,10.625,10.875,10.625,0
US1115721037,1993-03-17T00:00:00,11.125,10.875,11.375,10.875,0
US1115721037,1993-03-18T00:00:00,11.625,11.125,11.625,10.875,0
US1115721037,1993-03-19T00:00:00,11.875,11.75,12.375,11.75,0
US1115721037,1993-03-22T00:00:00,11.75,12.0,12.0,11.5,0
US1115721037,1993-03-23T00:00:00,11.5,11.875,11.875,11.375,0
US1115721037,1993-03-24T00:00:00,11.25,11.5,11.5,11.25,0
US1115721037,1993-03-25T00:00:00,11.375,11.125,11.375,10.75,0
US1115721037,1993-03-26T00:00:00,11.25,11.375,11.5,11.25,0
US1115721037,1993-03-29T00:00:00,11.125,11.25,11.25,11.0,0
US1115721037,1993-03-30T00:00:00,11.25,11.0,11.375,11.0,0
US1115721037,1993-03-31T00:00:00,11.25,11.25,11.375,11.125,0
US1115721037,1993-04-01T00:00:00,11.5,11.125,11.5,11.125,0
US1115721037,1993-04-02T00:00:00,11.25,11.375,11.375,11.125,0
US1115721037,1993-04-05T00:00:00,11.25,11.25,11.375,11.125,0
US1115721037,1993-04-06T00:00:00,11.75,11.375,12.125,11.375,0
US1115721037,1993-04-07T00:00:00,12.25,11.875,12.5,11.75,0
US1115721037,1993-04-08T00:00:00,12.25,12.0,12.375,12.0,0
US1115721037,1993-04-12T00:00:00,12.0,12.125,12.125,11.875,0
US1115721037,1993-04-13T00:00:00,12.0,12.0,12.0,11.625,0
US1115721037,1993-04-14T00:00:00,12.75,12.0,13.125,12.0,0
US1115721037,1993-04-15T00:00:00,12.375,12.375,12.5,12.125,0
US1115721037,1993-04-16T00:00:00,12.375,12.625,12.625,12.375,0
US1115721037,1993-04-19T00:00:00,12.25,12.125,12.5,12.0,0
US1115721037,1993-04-20T00:00:00,11.75,12.25,12.25,11.75,0
US1115721037,1993-04-21T00:00:00,11.875,11.75,11.875,11.375,0
US1115721037,1993-04-22T00:00:00,12.125,11.875,12.125,11.875,0
US1115721037,1993-04-23T00:00:00,12.25,12.125,12.375,12.125,0
US1115721037,1993-04-26T00:00:00,12.25,12.375,12.375,12.125,0
US1115721037,1993-04-27T00:00:00,12.375,12.25,12.5,12.25,0
US1115721037,1993-04-28T00:00:00,12.5,12.375,12.5,12.125,0
US1115721037,1993-04-29T00:00:00,12.25,12.375,12.375,12.25,0
US1115721037,1993-04-30T00:00:00,12.375,12.25,12.625,12.25,0
US1115721037,1993-05-03T00:00:00,12.375,12.25,12.5,12.25,0
US1115721037,1993-05-04T00:00:00,12.625,12.375,12.625,12.375,0
US1115721037,1993-05-05T00:00:00,12.875,12.625,12.875,12.5,0
US1115721037,1993-05-06T00:00:00,13.625,13.375,14.125,13.375,0
US1115721037,1993-05-07T00:00:00,13.375,13.75,13.875,13.125,0
US1115721037,1993-05-10T00:00:00,13.25,13.5,13.5,13.25,0
US1115721037,1993-05-11T00:00:00,13.0,13.125,13.25,12.875,0
US1115721037,1993-05-12T00:00:00,13.375,13.0,13.5,12.75,0
US1115721037,1993-05-13T00:00:00,13.875,13.5,13.875,13.25,0
US1115721037,1993-05-14T00:00:00,13.875,13.875,13.875,13.375,0
US1115721037,1993-05-17T00:00:00,13.375,13.875,13.875,13.375,0
US1115721037,1993-05-18T00:00:00,13.25,13.25,13.375,13.25,0
US1115721037,1993-05-19T00:00:00,13.625,13.25,13.625,13.25,0
US1115721037,1993-05-20T00:00:00,14.0,13.5,14.0,13.5,0
US1115721037,1993-05-21T00:00:00,15.5,14.0,15.5,14.0,0
US1115721037,1993-05-24T00:00:00,15.625,15.75,15.875,15.5,0
US1115721037,1993-05-25T00:00:00,15.75,15.75,16.125,15.625,0
US1115721037,1993-05-26T00:00:00,15.875,15.75,16.0,15.625,0
US1115721037,1993-05-27T00:00:00,16.5,16.0,16.625,15.625,0
US1115721037,1993-05-28T00:00:00,16.375,16.5,16.625,16.0,0
US1115721037,1993-06-01T00:00:00,16.75,16.0,16.875,16.0,0
US1115721037,1993-06-02T00:00:00,17.375,16.75,17.5,16.75,0
US1115721037,1993-06-03T00:00:00,16.75,17.375,17.375,16.5,0
US1115721037,1993-06-04T00:00:00,16.0,16.375,16.375,16.0,0
US1115721037,1993-06-07T00:00:00,16.0,15.875,16.125,15.75,0
US1115721037,1993-06-08T00:00:00,15.375,16.0,16.0,15.0,0
US1115721037,1993-06-09T00:00:00,15.0,15.125,15.125,14.875,0
US1115721037,1993-06-10T00:00:00,15.25,15.0,15.25,14.625,0
US1115721037,1993-06-11T00:00:00,15.75,15.25,16.0,15.25,0
US1115721037,1993-06-14T00:00:00,15.75,16.0,16.0,15.75,0
US1115721037,1993-06-15T00:00:00,15.75,15.625,15.75,15.25,0
US1115721037,1993-06-16T00:00:00,15.5,15.75,15.75,15.375,0
US1115721037,1993-06-17T00:00:00,15.0,15.25,15.25,15.0,0
US1115721037,1993-06-18T00:00:00,15.125,15.0,15.25,15.0,0
US1115721037,1993-06-21T00:00:00,15.625,15.125,15.75,15.125,0
US1115721037,1993-06-22T00:00:00,16.25,15.875,16.25,15.875,0
US1115721037,1993-06-23T00:00:00,16.125,16.25,16.375,16.0,0
US1115721037,1993-06-24T00:00:00,16.125,16.25,16.25,16.0,0
US1115721037,1993-06-25T00:00:00,15.75,16.0,16.125,15.75,0
US1115721037,1993-06-28T00:00:00,16.0,15.75,16.0,15.25,0
US1115721037,1993-06-29T00:00:00,15.375,15.75,15.75,15.25,0
US1115721037,1993-06-30T00:00:00,14.375,15.125,15.125,14.125,0
US1115721037,1993-07-01T00:00:00,13.75,13.75,14.0,13.75,0
US1115721037,1993-07-02T00:00:00,13.875,13.75,14.0,13.75,0
US1115721037,1993-07-06T00:00:00,13.875,13.875,14.125,13.75,0
US1115721037,1993-07-07T00:00:00,13.875,14.125,14.125,13.875,0
US1115721037,1993-07-08T00:00:00,13.875,13.875,14.0,13.75,0
US1115721037,1993-07-09T00:00:00,13.875,13.875,13.875,13.75,0
US1115721037,1993-07-12T00:00:00,13.75,13.75,13.875,13.5,0
US1115721037,1993-07-13T00:00:00,14.125,13.75,14.125,13.75,0
US1115721037,1993-07-14T00:00:00,14.25,14.125,14.5,14.125,0
US1115721037,1993-07-15T00:00:00,14.25,14.375,14.375,14.0,0
US1115721037,1993-07-16T00:00:00,14.125,14.125,14.125,14.0,0
US1115721037,1993-07-19T00:00:00,13.875,14.125,14.125,13.75,0
US1115721037,1993-07-20T00:00:00,14.0,13.75,14.0,13.75,0
US1115721037,1993-07-21T00:00:00,14.25,14.0,14.375,14.0,0
US1115721037,1993-07-22T00:00:00,13.875,14.25,14.25,13.75,0
US1115721037,1993-07-23T00:00:00,13.875,13.75,14.0,13.625,0
US1115721037,1993-07-26T00:00:00,13.75,13.75,13.875,13.75,0
US1115721037,1993-07-27T00:00:00,13.75,13.75,13.75,13.625,0
US1115721037,1993-07-28T00:00:00,13.875,13.75,13.875,13.625,0
US1115721037,1993-07-29T00:00:00,13.75,14.0,14.0,13.75,0
US1115721037,1993-07-30T00:00:00,13.75,13.75,13.75,13.625,0
US1115721037,1993-08-02T00:00:00,13.625,13.75,13.875,13.625,0
US1115721037,1993-08-03T00:00:00,13.625,13.75,13.875,13.625,0
US1115721037,1993-08-04T00:00:00,14.125,13.75,14.25,13.75,0
US1115721037,1993-08-05T00:00:00,13.5,14.0,14.0,13.5,0
US1115721037,1993-08-06T00:00:00,13.625,13.375,13.625,13.125,0
US1115721037,1993-08-09T00:00:00,13.75,13.625,13.75,13.5,0
US1115721037,1993-08-10T00:00:00,14.125,13.875,14.125,13.75,0
US1115721037,1993-08-11T00:00:00,14.25,14.125,14.375,14.0,0
US1115721037,1993-08-12T00:00:00,14.25,14.25,14.375,14.0,0
US1115721037,1993-08-13T00:00:00,14.875,14.375,14.875,14.375,0
US1115721037,1993-08-16T00:00:00,14.75,14.875,14.875,14.75,0
US1115721037,1993-08-17T00:00:00,15.0,14.75,15.0,14.75,0
US1115721037,1993-08-18T00:00:00,14.875,15.0,15.0,14.875,0
US1115721037,1993-08-19T00:00:00,15.0,14.875,15.25,14.875,0
US1115721037,1993-08-20T00:00:00,15.0,15.0,15.0,14.875,0
US1115721037,1993-08-23T00:00:00,15.625,15.0,15.625,14.75,0
US1115721037,1993-08-24T00:00:00,15.5,15.625,15.625,15.375,0
US1115721037,1993-08-25T00:00:00,15.5,15.375,15.5,15.125,0
US1115721037,1993-08-26T00:00:00,15.375,15.375,15.375,15.0,0
US1115721037,1993-08-27T00:00:00,16.0,15.25,16.0,15.25,0
US1115721037,1993-08-30T00:00:00,15.75,15.75,15.875,15.625,0
US1115721037,1993-08-31T00:00:00,15.625,15.5,15.75,15.375,0
US1115721037,1993-09-01T00:00:00,15.5,15.5,15.625,15.375,0
US1115721037,1993-09-02T00:00:00,15.75,15.5,15.875,15.5,0
US1115721037,1993-09-03T00:00:00,16.0,15.5,16.0,15.5,0
US1115721037,1993-09-07T00:00:00,15.5,15.875,16.0,15.5,0
US1115721037,1993-09-08T00:00:00,15.5,15.5,15.75,15.5,0
US1115721037,1993-09-09T00:00:00,15.5,15.625,15.625,15.375,0
US1115721037,1993-09-10T00:00:00,15.25,15.375,15.5,15.0,0
US1115721037,1993-09-13T00:00:00,15.25,15.25,15.375,15.0,0
US1115721037,1993-09-14T00:00:00,14.75,15.25,15.25,14.75,0
US1115721037,1993-09-15T00:00:00,14.625,14.5,14.625,14.5,0
US1115721037,1993-09-16T00:00:00,14.5,14.75,14.75,14.375,0
US1115721037,1993-09-17T00:00:00,14.375,14.5,14.5,14.25,0
US1115721037,1993-09-20T00:00:00,14.0,14.5,14.5,14.0,0
US1115721037,1993-09-21T00:00:00,13.25,14.125,14.125,12.875,0
US1115721037,1993-09-22T00:00:00,13.375,13.5,13.625,13.0,0
US1115721037,1993-09-23T00:00:00,12.875,13.375,13.5,12.75,0
US1115721037,1993-09-24T00:00:00,13.25,13.0,13.25,13.0,0
US1115721037,1993-09-27T00:00:00,13.0,13.375,13.625,12.875,0
US1115721037,1993-09-28T00:00:00,13.75,13.375,13.875,13.25,0
US1115721037,1993-09-29T00:00:00,13.75,13.875,14.125,13.625,0
US1115721037,1993-09-30T00:00:00,14.25,13.875,14.25,13.5,0
US1115721037,1993-10-01T00:00:00,14.5,14.25,14.5,14.125,0
US1115721037,1993-10-04T00:00:00,15.0,14.375,15.125,14.375,0
US1115721037,1993-10-05T00:00:00,15.5,15.125,15.5,15.125,0
US1115721037,1993-10-06T00:00:00,15.125,15.25,15.5,15.0,0
US1115721037,1993-10-07T00:00:00,15.0,15.0,15.125,14.75,0
US1115721037,1993-10-08T00:00:00,14.625,14.625,14.625,14.125,0
US1115721037,1993-10-11T00:00:00,14.625,14.625,14.875,14.5,0
US1115721037,1993-10-12T00:00:00,15.25,14.75,15.25,14.75,0
US1115721037,1993-10-13T00:00:00,15.25,15.25,15.375,15.25,0
US1115721037,1993-10-14T00:00:00,15.25,15.125,15.375,15.0,0
US1115721037,1993-10-15T00:00:00,15.125,15.25,15.375,15.0,0
US1115721037,1993-10-18T00:00:00,14.625,15.375,15.375,14.625,0
US1115721037,1993-10-19T00:00:00,14.5,14.625,14.625,14.375,0
US1115721037,1993-10-20T00:00:00,14.0,14.5,14.5,14.0,0
US1115721037,1993-10-21T00:00:00,13.875,14.0,14.0,13.75,0
US1115721037,1993-10-22T00:00:00,14.0,13.875,14.0,13.75,0
US1115721037,1993-10-25T00:00:00,13.875,13.875,14.0,13.75,0
US1115721037,1993-10-26T00:00:00,14.625,13.875,14.75,13.875,0
US1115721037,1993-10-27T00:00:00,14.875,14.5,14.875,14.375,0
US1115721037,1993-10-28T00:00:00,14.5,14.625,14.625,14.5,0
US1115721037,1993-10-29T00:00:00,14.0,14.375,14.375,13.875,0
US1115721037,1993-11-01T00:00:00,14.0,14.0,14.125,13.875,0
US1115721037,1993-11-02T00:00:00,14.75,14.0,14.75,14.0,0
US1115721037,1993-11-03T00:00:00,14.625,14.75,14.75,14.375,0
US1115721037,1993-11-04T00:00:00,14.25,14.5,14.5,14.25,0
US1115721037,1993-11-05T00:00:00,14.0,14.125,14.125,14.0,0
US1115721037,1993-11-08T00:00:00,13.375,13.75,13.75,13.125,0
US1115721037,1993-11-09T00:00:00,13.25,13.375,13.5,13.25,0
US1115721037,1993-11-10T00:00:00,13.75,13.375,13.75,13.375,0
US1115721037,1993-11-11T00:00:00,14.125,13.875,14.125,13.875,0
US1115721037,1993-11-12T00:00:00,14.625,14.125,14.625,14.125,0
US1115721037,1993-11-15T00:00:00,14.125,14.5,14.5,14.0,0
US1115721037,1993-11-16T00:00:00,14.125,14.125,14.25,14.0,0
US1115721037,1993-11-17T00:00:00,13.75,14.0,14.0,13.75,0
US1115721037,1993-11-18T00:00:00,13.375,13.75,13.75,13.375,0
US1115721037,1993-11-19T00:00:00,13.5,13.375,13.5,13.375,0
US1115721037,1993-11-22T00:00:00,13.25,13.375,13.75,13.125,0
US1115721037,1993-11-23T00:00:00,13.5,13.125,13.5,13.125,0
US1115721037,1993-11-24T00:00:00,13.0,13.375,13.75,13.0,0
US1115721037,1993-11-26T00:00:00,11.5,12.75,12.75,11.375,0
US1115721037,1993-11-29T00:00:00,11.0,10.75,11.25,10.0,0
US1115721037,1993-11-30T00:00:00,12.0,11.125,12.125,10.75,0
US1115721037,1993-12-01T00:00:00,11.625,12.0,12.125,11.625,0
US1115721037,1993-12-02T00:00:00,11.75,11.625,11.75,11.625,0
US1115721037,1993-12-03T00:00:00,11.625,11.625,11.75,11.5,0
US1115721037,1993-12-06T00:00:00,11.625,11.5,11.75,11.5,0
US1115721037,1993-12-07T00:00:00,11.625,11.75,11.75,11.5,0
US1115721037,1993-12-08T00:00:00,10.875,11.5,11.5,10.875,0
US1115721037,1993-12-09T00:00:00,10.125,10.75,10.75,10.0,0
US1115721037,1993-12-10T00:00:00,10.25,10.125,10.25,10.125,0
US1115721037,1993-12-13T00:00:00,10.125,10.375,10.375,10.125,0
US1115721037,1993-12-14T00:00:00,9.75,10.125,10.125,9.5,0
US1115721037,1993-12-15T00:00:00,9.625,9.5,9.75,9.5,0
US1115721037,1993-12-16T00:00:00,9.625,9.375,9.625,9.25,0
US1115721037,1993-12-17T00:00:00,9.0,9.625,9.625,8.875,0
US1115721037,1993-12-20T00:00:00,8.5,9.0,9.0,8.25,0
US1115721037,1993-12-21T00:00:00,9.375,8.625,9.375,8.625,0
US1115721037,1993-12-22T00:00:00,9.125,9.375,9.375,9.125,0
US1115721037,1993-12-23T00:00:00,9.25,9.125,9.25,9.125,0
US1115721037,1993-12-27T00:00:00,9.375,9.125,9.375,9.125,0
US1115721037,1993-12-28T00:00:00,9.25,9.375,9.375,9.125,0
US1115721037,1993-12-29T00:00:00,9.125,9.125,9.25,9.0,0
US1115721037,1993-12-30T00:00:00,9.125,9.125,9.125,8.875,0
US1115721037,1993-12-31T00:00:00,9.5,9.125,9.625,9.125,0
US1115721037,1994-01-03T00:00:00,9.125,9.5,9.5,9.0,0
US1115721037,1994-01-04T00:00:00,9.125,9.25,9.25,8.875,0
US1115721037,1994-01-05T00:00:00,9.375,9.25,9.375,9.25,0
US1115721037,1994-01-06T00:00:00,9.0,9.375,9.375,9.0,0
US1115721037,1994-01-07T00:00:00,9.375,9.0,9.375,8.875,0
US1115721037,1994-01-10T00:00:00,9.5,9.25,9.5,9.25,0
US1115721037,1994-01-11T00:00:00,9.375,9.5,9.5,9.375,0
US1115721037,1994-01-12T00:00:00,9.5,9.375,9.5,9.375,0
US1115721037,1994-01-13T00:00:00,9.5,9.5,9.625,9.5,0
US1115721037,1994-01-14T00:00:00,10.75,9.625,10.875,9.625,0
US1115721037,1994-01-17T00:00:00,10.5,10.75,10.75,10.375,0
US1115721037,1994-01-18T00:00:00,10.5,10.5,10.5,10.5,0
US1115721037,1994-01-19T00:00:00,10.25,10.5,10.5,10.0,0
US1115721037,1994-01-20T00:00:00,10.125,10.25,10.25,10.125,0
US1115721037,1994-01-21T00:00:00,10.0,10.25,10.25,10.0,0
US1115721037,1994-01-24T00:00:00,9.875,10.0,10.0,9.75,0
US1115721037,1994-01-25T00:00:00,9.875,9.875,9.875,9.75,0
US1115721037,1994-01-26T00:00:00,9.875,9.75,10.0,9.75,0
US1115721037,1994-01-27T00:00:00,9.75,10.0,10.0,9.5,0
US1115721037,1994-01-28T00:00:00,9.625,9.875,9.875,9.5,0
US1115721037,1994-01-31T00:00:00,9.75,9.5,9.75,9.375,0
US1115721037,1994-02-01T00:00:00,9.75,9.875,9.875,9.75,0
US1115721037,1994-02-02T00:00:00,9.75,9.75,9.75,9.75,0
US1115721037,1994-02-03T00:00:00,9.625,9.75,9.75,9.625,0
US1115721037,1994-02-04T00:00:00,9.625,9.625,9.75,9.5,0
US1115721037,1994-02-07T00:00:00,9.5,9.5,9.5,9.5,0
US1115721037,1994-02-08T00:00:00,9.5,9.5,9.5,9.375,0
US1115721037,1994-02-09T00:00:00,9.25,9.375,9.5,9.25,0
US1115721037,1994-02-10T00:00:00,9.25,9.25,9.25,9.25,0
US1115721037,1994-02-11T00:00:00,9.25,9.25,9.375,9.25,0
US1115721037,1994-02-14T00:00:00,9.375,9.375,9.375,9.375,0
US1115721037,1994-02-15T00:00:00,9.5,9.5,9.5,9.375,0
US1115721037,1994-02-16T00:00:00,9.75,9.5,9.75,9.375,0
US1115721037,1994-02-17T00:00:00,10.0,10.25,10.375,9.875,0
US1115721037,1994-02-18T00:00:00,10.125,10.125,10.125,10.0,0
US1115721037,1994-02-22T00:00:00,10.5,10.125,10.625,10.125,0
US1115721037,1994-02-23T00:00:00,10.25,10.5,10.5,10.25,0
US1115721037,1994-02-24T00:00:00,10.375,10.25,10.375,10.125,0
US1115721037,1994-02-25T00:00:00,10.375,10.375,10.375,10.25,0
US1115721037,1994-02-28T00:00:00,11.125,10.5,11.125,10.5,0
US1115721037,1994-03-01T00:00:00,11.375,11.25,11.5,11.125,0
US1115721037,1994-03-02T00:00:00,11.875,11.125,11.875,11.125,0
US1115721037,1994-03-03T00:00:00,12.125,11.875,12.375,11.875,0
US1115721037,1994-03-04T00:00:00,12.875,12.25,13.0,12.25,0
US1115721037,1994-03-07T00:00:00,12.75,12.875,12.875,12.625,0
US1115721037,1994-03-08T00:00:00,12.625,12.625,12.625,12.5,0
US1115721037,1994-03-09T00:00:00,12.75,12.5,12.75,12.5,0
US1115721037,1994-03-10T00:00:00,12.625,12.75,12.75,12.625,0
US1115721037,1994-03-11T00:00:00,12.75,12.75,12.875,12.625,0
US1115721037,1994-03-14T00:00:00,12.75,12.75,12.75,12.625,0
US1115721037,1994-03-15T00:00:00,13.0,12.625,13.25,12.625,0
US1115721037,1994-03-16T00:00:00,13.125,13.125,13.125,13.0,0
US1115721037,1994-03-17T00:00:00,12.75,13.125,13.125,12.75,0
US1115721037,1994-03-18T00:00:00,12.875,12.625,12.875,12.625,0
US1115721037,1994-03-21T00:00:00,12.875,12.875,12.875,12.75,0
US1115721037,1994-03-22T00:00:00,13.0,12.875,13.0,12.875,0
US1115721037,1994-03-23T00:00:00,13.125,13.0,13.125,13.0,0
US1115721037,1994-03-24T00:00:00,13.125,13.125,13.25,12.875,0
US1115721037,1994-03-25T00:00:00,13.0,13.125,13.25,13.0,0
US1115721037,1994-03-28T00:00:00,13.0,13.0,13.0,12.875,0
US1115721037,1994-03-29T00:00:00,13.0,12.875,13.0,12.875,0
US1115721037,1994-03-30T00:00:00,12.625,12.875,12.875,12.5,0
US1115721037,1994-03-31T00:00:00,12.5,12.75,12.75,12.25,0
US1115721037,1994-04-04T00:00:00,12.125,12.25,12.25,12.0,0
US1115721037,1994-04-05T00:00:00,12.375,12.375,12.5,12.375,0
US1115721037,1994-04-06T00:00:00,12.5,12.5,12.5,12.375,0
US1115721037,1994-04-07T00:00:00,12.5,12.875,13.0,12.5,0
US1115721037,1994-04-08T00:00:00,12.5,12.625,12.625,12.375,0
US1115721037,1994-04-11T00:00:00,12.625,12.5,12.75,12.5,0
US1115721037,1994-04-12T00:00:00,12.75,12.625,12.75,12.625,0
US1115721037,1994-04-13T00:00:00,12.625,12.625,12.625,12.5,0
US1115721037,1994-04-14T00:00:00,12.5,12.5,12.625,12.375,0
US1115721037,1994-04-15T00:00:00,12.375,12.5,12.5,12.375,0
US1115721037,1994-04-18T00:00:00,12.25,12.375,12.5,12.25,0
US1115721037,1994-04-19T00:00:00,11.875,12.25,12.25,11.875,0
US1115721037,1994-04-20T00:00:00,11.875,11.875,11.875,11.875,0
US1115721037,1994-04-21T00:00:00,11.5,11.875,11.875,11.375,0
US1115721037,1994-04-22T00:00:00,10.75,11.375,11.375,10.75,0
US1115721037,1994-04-25T00:00:00,11.125,11.0,11.125,11.0,0
US1115721037,1994-04-26T00:00:00,11.125,11.125,11.125,11.0,0
US1115721037,1994-04-28T00:00:00,11.375,11.125,11.375,11.125,0
US1115721037,1994-04-29T00:00:00,11.375,11.125,11.375,11.125,0
US1115721037,1994-05-02T00:00:00,11.625,11.375,11.625,11.25,0
US1115721037,1994-05-03T00:00:00,11.625,11.625,11.625,11.5,0
US1115721037,1994-05-04T00:00:00,11.125,11.5,11.625,11.125,0
US1115721037,1994-05-05T00:00:00,10.875,11.0,11.0,10.75,0
US1115721037,1994-05-06T00:00:00,10.625,10.625,10.75,10.5,0
US1115721037,1994-05-09T00:00:00,10.625,10.5,10.625,10.5,0
US1115721037,1994-05-10T00:00:00,10.375,10.625,10.625,10.375,0
US1115721037,1994-05-11T00:00:00,9.75,10.375,10.375,9.75,0
US1115721037,1994-05-12T00:00:00,9.625,9.5,9.625,9.5,0
US1115721037,1994-05-13T00:00:00,9.625,9.75,9.75,9.625,0
US1115721037,1994-05-16T00:00:00,9.625,9.75,9.75,9.625,0
US1115721037,1994-05-17T00:00:00,9.75,9.5,9.75,9.5,0
US1115721037,1994-05-18T00:00:00,9.75,9.75,9.75,9.625,0
US1115721037,1994-05-19T00:00:00,9.625,9.75,9.75,9.5,0
US1115721037,1994-05-20T00:00:00,10.0,9.75,10.0,9.75,0
US1115721037,1994-05-23T00:00:00,10.0,10.0,10.0,9.875,0
US1115721037,1994-05-24T00:00:00,9.75,10.0,10.0,9.75,0
US1115721037,1994-05-25T00:00:00,10.25,9.875,10.375,9.75,0
US1115721037,1994-05-26T00:00:00,10.25,10.5,10.5,10.25,0
US1115721037,1994-05-27T00:00:00,9.75,10.0,10.125,9.5,0
US1115721037,1994-05-31T00:00:00,9.75,9.75,9.875,9.75,0
US1115721037,1994-06-01T00:00:00,9.875,9.75,10.0,9.75,0
US1115721037,1994-06-02T00:00:00,9.625,9.875,9.875,9.625,0
US1115721037,1994-06-03T00:00:00,9.875,9.75,9.875,9.75,0
US1115721037,1994-06-06T00:00:00,9.75,9.875,9.875,9.75,0
US1115721037,1994-06-07T00:00:00,9.75,9.875,9.875,9.75,0
US1115721037,1994-06-08T00:00:00,9.75,9.875,9.875,9.75,0
US1115721037,1994-06-09T00:00:00,9.75,9.75,9.75,9.625,0
US1115721037,1994-06-10T00:00:00,9.875,9.75,9.875,9.75,0
US1115721037,1994-06-13T00:00:00,9.75,9.75,9.75,9.625,0
US1115721037,1994-06-14T00:00:00,9.5,9.625,9.625,9.375,0
US1115721037,1994-06-15T00:00:00,9.25,9.5,9.5,9.25,0
US1115721037,1994-06-16T00:00:00,9.375,9.375,9.375,9.25,0
US1115721037,1994-06-17T00:00:00,9.375,9.375,9.625,9.375,0
US1115721037,1994-06-20T00:00:00,9.5,9.375,9.5,9.375,0
US1115721037,1994-06-21T00:00:00,9.5,9.5,9.5,9.25,0
US1115721037,1994-06-22T00:00:00,9.125,9.5,9.5,9.125,0
US1115721037,1994-06-23T00:00:00,8.875,9.25,9.25,8.75,0
US1115721037,1994-06-24T00:00:00,8.5,8.75,8.75,8.375,0
US1115721037,1994-06-27T00:00:00,8.5,8.5,8.5,8.375,0
US1115721037,1994-06-28T00:00:00,8.75,8.5,8.875,8.375,0
US1115721037,1994-06-29T00:00:00,8.5,8.625,8.625,8.5,0
US1115721037,1994-06-30T00:00:00,8.5,8.625,8.625,8.5,0
US1115721037,1994-07-01T00:00:00,8.625,8.5,8.625,8.5,0
US1115721037,1994-07-05T00:00:00,8.75,8.5,8.75,8.5,0
US1115721037,1994-07-06T00:00:00,8.5,8.75,8.75,8.375,0
US1115721037,1994-07-07T00:00:00,8.375,8.5,8.5,8.375,0
US1115721037,1994-07-08T00:00:00,8.25,8.375,8.5,8.25,0
US1115721037,1994-07-11T00:00:00,8.5,8.25,8.5,8.25,0
US1115721037,1994-07-12T00:00:00,8.5,8.5,8.625,8.5,0
US1115721037,1994-07-13T00:00:00,8.625,8.625,8.625,8.5,0
US1115721037,1994-07-14T00:00:00,8.75,8.625,8.75,8.625,0
US1115721037,1994-07-15T00:00:00,8.75,8.75,8.875,8.75,0
US1115721037,1994-07-18T00:00:00,9.0,8.75,9.0,8.75,0
US1115721037,1994-07-19T00:00:00,9.75,9.25,9.875,9.25,0
US1115721037,1994-07-20T00:00:00,9.375,9.625,9.625,9.375,0
US1115721037,1994-07-21T00:00:00,9.75,9.375,9.875,9.375,0
US1115721037,1994-07-22T00:00:00,9.5,9.75,9.75,9.5,0
US1115721037,1994-07-25T00:00:00,9.75,9.5,9.75,9.5,0
US1115721037,1994-07-26T00:00:00,9.625,9.75,9.75,9.625,0
US1115721037,1994-07-27T00:00:00,9.875,9.75,9.875,9.75,0
US1115721037,1994-07-28T00:00:00,10.0,9.75,10.0,9.75,0
US1115721037,1994-07-29T00:00:00,10.0,10.0,10.125,10.0,0
US1115721037,1994-08-01T00:00:00,10.125,10.125,10.25,10.0,0
US1115721037,1994-08-02T00:00:00,10.25,10.125,10.25,10.0,0
US1115721037,1994-08-03T00:00:00,10.0,10.125,10.25,9.875,0
US1115721037,1994-08-04T00:00:00,10.0,10.0,10.125,9.875,0
US1115721037,1994-08-05T00:00:00,10.0,10.0,10.0,9.75,0
US1115721037,1994-08-08T00:00:00,10.0,10.0,10.0,9.875,0
US1115721037,1994-08-09T00:00:00,10.0,10.0,10.0,9.875,0
US1115721037,1994-08-10T00:00:00,10.0,10.0,10.0,9.875,0
US1115721037,1994-08-11T00:00:00,10.125,10.0,10.125,10.0,0
US1115721037,1994-08-12T00:00:00,10.0,10.0,10.125,10.0,0
US1115721037,1994-08-15T00:00:00,10.375,10.125,10.375,10.0,0
US1115721037,1994-08-16T00:00:00,10.5,10.375,10.75,10.375,0
US1115721037,1994-08-17T00:00:00,11.375,10.5,11.375,10.5,0
US1115721037,1994-08-18T00:00:00,10.75,11.25,11.25,10.625,0
US1115721037,1994-08-19T00:00:00,10.875,10.875,10.875,10.75,0
US1115721037,1994-08-22T00:00:00,10.75,11.0,11.0,10.75,0
US1115721037,1994-08-23T00:00:00,11.0,10.625,11.0,10.625,0
US1115721037,1994-08-24T00:00:00,11.125,11.0,11.125,11.0,0
US1115721037,1994-08-25T00:00:00,11.25,11.125,11.375,11.125,0
US1115721037,1994-08-26T00:00:00,11.25,11.375,11.375,11.125,0
US1115721037,1994-08-29T00:00:00,11.625,11.25,11.625,11.25,0
US1115721037,1994-08-30T00:00:00,11.5,11.625,11.75,11.125,0
US1115721037,1994-08-31T00:00:00,12.0,11.375,12.0,11.375,0
US1115721037,1994-09-01T00:00:00,12.125,12.0,12.25,12.0,0
US1115721037,1994-09-02T00:00:00,12.25,12.0,12.25,11.75,0
US1115721037,1994-09-06T00:00:00,12.125,12.125,12.25,12.125,0
US1115721037,1994-09-07T00:00:00,12.125,12.0,12.125,12.0,0
US1115721037,1994-09-08T00:00:00,12.25,12.125,12.25,12.125,0
US1115721037,1994-09-09T00:00:00,12.0,12.25,12.25,11.875,0
US1115721037,1994-09-12T00:00:00,11.875,12.0,12.0,11.75,0
US1115721037,1994-09-13T00:00:00,11.875,11.875,12.0,11.875,0
US1115721037,1994-09-14T00:00:00,12.25,11.875,12.25,11.625,0
US1115721037,1994-09-15T00:00:00,12.0,12.125,12.125,12.0,0
US1115721037,1994-09-16T00:00:00,12.0,12.125,12.125,12.0,0
US1115721037,1994-09-19T00:00:00,12.125,12.0,12.125,12.0,0
US1115721037,1994-09-20T00:00:00,12.0,12.125,12.125,11.875,0
US1115721037,1994-09-21T00:00:00,11.75,11.875,11.875,11.75,0
US1115721037,1994-09-22T00:00:00,11.75,11.75,11.875,11.625,0
US1115721037,1994-09-23T00:00:00,11.625,11.75,11.875,11.625,0
US1115721037,1994-09-26T00:00:00,11.75,11.625,11.75,11.5,0
US1115721037,1994-09-27T00:00:00,11.5,11.75,11.75,11.375,0
US1115721037,1994-09-28T00:00:00,11.5,11.5,11.625,11.375,0
US1115721037,1994-09-29T00:00:00,11.25,11.375,11.5,11.125,0
US1115721037,1994-09-30T00:00:00,11.125,11.25,11.25,11.125,0
US1115721037,1994-10-03T00:00:00,11.125,11.125,11.125,11.0,0
US1115721037,1994-10-04T00:00:00,11.25,11.125,11.375,11.125,0
US1115721037,1994-10-05T00:00:00,11.125,11.125,11.25,11.125,0
US1115721037,1994-10-06T00:00:00,11.25,11.25,11.25,11.25,0
US1115721037,1994-10-07T00:00:00,11.5,11.25,11.5,11.25,0
US1115721037,1994-10-10T00:00:00,11.5,11.375,11.5,11.375,0
US1115721037,1994-10-11T00:00:00,11.25,11.375,11.375,11.25,0
US1115721037,1994-10-12T00:00:00,11.25,11.25,11.25,11.125,0
US1115721037,1994-10-13T00:00:00,11.375,11.25,11.375,11.25,0
US1115721037,1994-10-14T00:00:00,11.25,11.375,11.375,11.25,0
US1115721037,1994-10-17T00:00:00,11.125,11.375,11.375,11.125,0
US1115721037,1994-10-18T00:00:00,11.25,11.125,11.25,11.0,0
US1115721037,1994-10-19T00:00:00,11.0,11.25,11.25,11.0,0
US1115721037,1994-10-20T00:00:00,10.875,11.0,11.125,10.875,0
US1115721037,1994-10-21T00:00:00,11.0,11.0,11.0,10.875,0
US1115721037,1994-10-24T00:00:00,11.0,10.875,11.0,10.875,0
US1115721037,1994-10-25T00:00:00,11.0,11.0,11.0,10.75,0
US1115721037,1994-10-26T00:00:00,11.25,10.875,11.25,10.875,0
US1115721037,1994-10-27T00:00:00,11.375,11.25,11.5,11.25,0
US1115721037,1994-10-28T00:00:00,11.625,11.375,11.625,11.375,0
US1115721037,1994-10-31T00:00:00,11.25,11.375,11.375,11.25,0
US1115721037,1994-11-01T00:00:00,10.875,11.25,11.25,10.875,0
US1115721037,1994-11-02T00:00:00,10.875,10.875,10.875,10.875,0
US1115721037,1994-11-03T00:00:00,11.0,10.875,11.0,10.875,0
US1115721037,1994-11-04T00:00:00,11.5,11.0,11.75,11.0,0
US1115721037,1994-11-07T00:00:00,11.5,11.5,11.625,11.375,0
US1115721037,1994-11-08T00:00:00,11.75,11.625,11.75,11.625,0
US1115721037,1994-11-09T00:00:00,11.5,11.75,11.75,11.375,0
US1115721037,1994-11-10T00:00:00,11.375,11.625,11.625,11.375,0
US1115721037,1994-11-11T00:00:00,11.125,11.375,11.375,11.125,0
US1115721037,1994-11-14T00:00:00,11.375,11.25,11.375,11.25,0
US1115721037,1994-11-15T00:00:00,11.75,11.375,11.75,11.375,0
US1115721037,1994-11-16T00:00:00,12.0,11.875,12.0,11.875,0
US1115721037,1994-11-17T00:00:00,12.0,12.0,12.0,11.875,0
US1115721037,1994-11-18T00:00:00,12.0,12.0,12.125,12.0,0
US1115721037,1994-11-21T00:00:00,12.125,12.0,12.25,12.0,0
US1115721037,1994-11-22T00:00:00,11.375,12.0,12.0,11.25,0
US1115721037,1994-11-23T00:00:00,10.75,11.375,11.375,10.75,0
US1115721037,1994-11-25T00:00:00,10.625,10.75,10.75,10.625,0
US1115721037,1994-11-28T00:00:00,10.125,10.625,10.625,10.125,0
US1115721037,1994-11-29T00:00:00,9.875,10.0,10.0,9.625,0
US1115721037,1994-11-30T00:00:00,10.25,9.875,10.25,9.875,0
US1115721037,1994-12-01T00:00:00,9.625,10.0,10.0,9.625,0
US1115721037,1994-12-02T00:00:00,8.625,9.5,9.5,8.0,0
US1115721037,1994-12-05T00:00:00,8.875,8.625,8.875,8.625,0
US1115721037,1994-12-06T00:00:00,8.75,8.875,8.875,8.75,0
US1115721037,1994-12-07T00:00:00,8.625,8.75,8.75,8.625,0
US1115721037,1994-12-08T00:00:00,8.5,8.625,8.75,8.375,0
US1115721037,1994-12-09T00:00:00,8.5,8.5,8.625,8.5,0
US1115721037,1994-12-12T00:00:00,8.75,8.625,8.75,8.625,0
US1115721037,1994-12-13T00:00:00,8.625,8.625,8.875,8.5,0
US1115721037,1994-12-14T00:00:00,8.75,8.625,8.75,8.5,0
US1115721037,1994-12-15T00:00:00,8.625,8.75,8.75,8.5,0
US1115721037,1994-12-16T00:00:00,8.0,8.625,8.625,7.875,0
US1115721037,1994-12-19T00:00:00,7.5,7.875,7.875,7.375,0
US1115721037,1994-12-20T00:00:00,7.625,7.5,7.625,7.375,0
US1115721037,1994-12-21T00:00:00,7.625,7.5,7.625,7.5,0
US1115721037,1994-12-22T00:00:00,7.625,7.625,7.75,7.5,0
US1115721037,1994-12-23T00:00:00,7.75,7.625,7.75,7.5,0
US1115721037,1994-12-27T00:00:00,7.25,7.625,7.625,7.25,0
US1115721037,1994-12-28T00:00:00,7.0,7.125,7.375,7.0,0
US1115721037,1994-12-29T00:00:00,6.75,7.0,7.0,6.75,0
US1115721037,1994-12-30T00:00:00,7.375,6.75,7.375,6.75,0
US1115721037,1995-01-03T00:00:00,7.25,7.375,7.375,7.25,0
US1115721037,1995-01-04T00:00:00,7.375,7.25,7.375,7.0,0
US1115721037,1995-01-05T00:00:00,7.375,7.125,7.5,7.125,0
US1115721037,1995-01-06T00:00:00,7.25,7.25,7.375,7.25,0
US1115721037,1995-01-09T00:00:00,7.0,7.25,7.25,7.0,0
US1115721037,1995-01-10T00:00:00,6.875,6.875,7.0,6.875,0
US1115721037,1995-01-11T00:00:00,6.75,6.75,6.875,6.75,0
US1115721037,1995-01-12T00:00:00,7.0,6.625,7.0,6.625,0
US1115721037,1995-01-13T00:00:00,7.125,7.0,7.125,7.0,0
US1115721037,1995-01-16T00:00:00,7.125,7.125,7.25,7.125,0
US1115721037,1995-01-17T00:00:00,6.75,7.25,7.25,6.75,0
US1115721037,1995-01-18T00:00:00,6.375,6.625,6.625,6.375,0
US1115721037,1995-01-19T00:00:00,5.5,6.25,6.25,5.5,0
US1115721037,1995-01-20T00:00:00,5.5,5.5,5.5,5.5,0
US1115721037,1995-01-23T00:00:00,5.25,5.5,5.5,5.25,0
US1115721037,1995-01-24T00:00:00,5.375,5.375,5.5,5.125,0
US1115721037,1995-01-25T00:00:00,5.5,5.5,5.5,5.375,0
US1115721037,1995-01-26T00:00:00,5.5,5.5,5.5,5.375,0
US1115721037,1995-01-27T00:00:00,5.5,5.5,5.625,5.5,0
US1115721037,1995-01-30T00:00:00,5.625,5.625,5.625,5.5,0
US1115721037,1995-01-31T00:00:00,5.75,5.625,5.75,5.625,0
US1115721037,1995-02-01T00:00:00,5.625,5.625,5.75,5.625,0
US1115721037,1995-02-02T00:00:00,5.75,5.75,5.875,5.625,0
US1115721037,1995-02-03T00:00:00,6.0,5.875,6.0,5.75,0
US1115721037,1995-02-06T00:00:00,6.25,6.125,6.25,6.0,0
US1115721037,1995-02-07T00:00:00,6.5,6.25,6.5,6.25,0
US1115721037,1995-02-08T00:00:00,6.5,6.5,6.5,6.375,0
US1115721037,1995-02-09T00:00:00,6.375,6.375,6.375,6.25,0
US1115721037,1995-02-10T00:00:00,6.375,6.375,6.5,6.375,0
US1115721037,1995-02-13T00:00:00,6.25,6.25,6.375,6.25,0
US1115721037,1995-02-14T00:00:00,6.375,6.25,6.375,6.25,0
US1115721037,1995-02-15T00:00:00,6.0,6.25,6.25,5.75,0
US1115721037,1995-02-16T00:00:00,5.75,5.875,5.875,5.75,0
US1115721037,1995-02-17T00:00:00,5.625,5.625,5.75,5.625,0
US1115721037,1995-02-21T00:00:00,5.625,5.75,5.75,5.625,0
US1115721037,1995-02-22T00:00:00,5.625,5.75,5.75,5.625,0
US1115721037,1995-02-23T00:00:00,6.0,5.75,6.125,5.75,0
US1115721037,1995-02-24T00:00:00,6.0,6.0,6.0,6.0,0
US1115721037,1995-02-27T00:00:00,6.0,6.0,6.0,5.875,0
US1115721037,1995-02-28T00:00:00,6.0,6.0,6.0,5.875,0
US1115721037,1995-03-01T00:00:00,5.875,6.0,6.0,5.75,0
US1115721037,1995-03-02T00:00:00,5.625,5.75,5.75,5.5,0
US1115721037,1995-03-03T00:00:00,5.625,5.625,5.625,5.625,0
US1115721037,1995-03-06T00:00:00,5.625,5.5,5.625,5.5,0
US1115721037,1995-03-07T00:00:00,5.5,5.625,5.625,5.125,0
US1115721037,1995-03-08T00:00:00,5.125,5.375,5.375,5.0,0
US1115721037,1995-03-09T00:00:00,4.875,5.125,5.125,4.5,0
US1115721037,1995-03-10T00:00:00,5.25,4.875,5.25,4.75,0
US1115721037,1995-03-13T00:00:00,5.75,5.25,5.875,5.25,0
US1115721037,1995-03-14T00:00:00,6.0,5.875,6.125,5.625,0
US1115721037,1995-03-15T00:00:00,6.0,6.0,6.0,5.875,0
US1115721037,1995-03-16T00:00:00,6.0,5.875,6.0,5.75,0
US1115721037,1995-03-17T00:00:00,6.125,5.75,6.125,5.75,0
US1115721037,1995-03-20T00:00:00,6.125,6.0,6.125,6.0,0
US1115721037,1995-03-21T00:00:00,6.125,6.0,6.125,6.0,0
US1115721037,1995-03-22T00:00:00,6.25,6.0,6.25,6.0,0
US1115721037,1995-03-23T00:00:00,6.125,6.0,6.125,6.0,0
US1115721037,1995-03-24T00:00:00,6.125,6.125,6.375,6.125,0
US1115721037,1995-03-27T00:00:00,6.25,6.125,6.25,6.125,0
US1115721037,1995-03-28T00:00:00,6.75,6.25,6.75,6.25,0
US1115721037,1995-03-29T00:00:00,6.875,6.75,7.125,6.75,0
US1115721037,1995-03-30T00:00:00,6.75,6.875,6.875,6.625,0
US1115721037,1995-03-31T00:00:00,6.75,6.625,6.75,6.5,0
US1115721037,1995-04-03T00:00:00,6.5,6.625,6.625,6.375,0
US1115721037,1995-04-04T00:00:00,6.375,6.25,6.375,6.25,0
US1115721037,1995-04-05T00:00:00,6.375,6.25,6.375,6.125,0
US1115721037,1995-04-06T00:00:00,6.125,6.125,6.125,6.0,0
US1115721037,1995-04-07T00:00:00,6.125,6.0,6.125,6.0,0
US1115721037,1995-04-10T00:00:00,6.25,6.25,6.25,6.125,0
US1115721037,1995-04-11T00:00:00,6.25,6.375,6.375,6.125,0
US1115721037,1995-04-12T00:00:00,6.25,6.125,6.25,6.125,0
US1115721037,1995-04-13T00:00:00,6.0,6.125,6.125,6.0,0
US1115721037,1995-04-17T00:00:00,6.0,6.0,6.0,6.0,0
US1115721037,1995-04-18T00:00:00,5.875,6.0,6.0,5.75,0
US1115721037,1995-04-19T00:00:00,6.0,5.875,6.0,5.75,0
US1115721037,1995-04-20T00:00:00,5.75,5.875,5.875,5.625,0
US1115721037,1995-04-21T00:00:00,6.375,5.75,6.375,5.75,0
US1115721037,1995-04-24T00:00:00,6.625,6.25,6.625,6.25,0
US1115721037,1995-04-25T00:00:00,6.625,6.5,6.625,6.0,0
US1115721037,1995-04-26T00:00:00,6.875,6.75,6.875,6.625,0
US1115721037,1995-04-27T00:00:00,6.75,6.875,6.875,6.625,0
US1115721037,1995-04-28T00:00:00,6.75,6.625,6.75,6.625,0
US1115721037,1995-05-01T00:00:00,6.75,6.75,6.75,6.5,0
US1115721037,1995-05-02T00:00:00,6.5,6.5,6.5,6.375,0
US1115721037,1995-05-03T00:00:00,6.5,6.375,6.5,6.375,0
US1115721037,1995-05-04T00:00:00,6.375,6.375,6.375,6.375,0
US1115721037,1995-05-05T00:00:00,6.5,6.375,6.5,6.375,0
US1115721037,1995-05-08T00:00:00,6.375,6.375,6.375,6.375,0
US1115721037,1995-05-09T00:00:00,6.0,6.375,6.375,5.875,0
US1115721037,1995-05-10T00:00:00,6.0,6.0,6.0,6.0,0
US1115721037,1995-05-11T00:00:00,6.125,6.0,6.125,5.875,0
US1115721037,1995-05-12T00:00:00,6.0,6.0,6.0,5.875,0
US1115721037,1995-05-15T00:00:00,6.0,5.875,6.0,5.75,0
US1115721037,1995-05-16T00:00:00,6.0,5.875,6.0,5.875,0
US1115721037,1995-05-17T00:00:00,5.875,5.875,6.0,5.75,0
US1115721037,1995-05-18T00:00:00,5.875,5.75,5.875,5.75,0
US1115721037,1995-05-19T00:00:00,5.875,5.75,5.875,5.375,0
US1115721037,1995-05-22T00:00:00,5.75,5.75,5.75,5.625,0
US1115721037,1995-05-23T00:00:00,5.375,5.625,5.625,5.375,0
US1115721037,1995-05-24T00:00:00,5.125,5.25,5.375,5.0,0
US1115721037,1995-05-25T00:00:00,5.25,5.125,5.25,5.0,0
US1115721037,1995-05-26T00:00:00,5.125,5.25,5.25,5.0,0
US1115721037,1995-05-30T00:00:00,5.125,5.0,5.125,5.0,0
US1115721037,1995-05-31T00:00:00,5.375,5.0,5.375,5.0,0
US1115721037,1995-06-01T00:00:00,5.375,5.25,5.375,5.125,0
US1115721037,1995-06-02T00:00:00,5.25,5.375,5.375,5.125,0
US1115721037,1995-06-05T00:00:00,5.125,5.25,5.25,5.0,0
US1115721037,1995-06-06T00:00:00,5.25,5.125,5.375,5.125,0
US1115721037,1995-06-07T00:00:00,5.25,5.25,5.25,5.125,0
US1115721037,1995-06-08T00:00:00,5.125,5.125,5.125,5.0,0
US1115721037,1995-06-09T00:00:00,5.125,5.0,5.125,5.0,0
US1115721037,1995-06-12T00:00:00,5.0,5.125,5.125,5.0,0
US1115721037,1995-06-13T00:00:00,4.75,5.0,5.0,4.75,0
US1115721037,1995-06-14T00:00:00,4.75,4.75,4.875,4.625,0
US1115721037,1995-06-15T00:00:00,4.625,4.75,4.75,4.5,0
US1115721037,1995-06-16T00:00:00,4.5,4.625,4.625,4.5,0
US1115721037,1995-06-19T00:00:00,4.625,4.5,4.625,4.375,0
US1115721037,1995-06-20T00:00:00,4.5,4.625,4.625,4.5,0
US1115721037,1995-06-21T00:00:00,4.375,4.375,4.375,4.375,0
US1115721037,1995-06-22T00:00:00,4.625,4.25,4.625,4.25,0
US1115721037,1995-06-23T00:00:00,4.625,4.625,4.875,4.5,0
US1115721037,1995-06-26T00:00:00,5.0,4.75,5.0,4.75,0
US1115721037,1995-06-27T00:00:00,4.875,4.875,5.0,4.875,0
US1115721037,1995-06-28T00:00:00,4.875,4.875,4.875,4.75,0
US1115721037,1995-06-29T00:00:00,5.25,4.875,5.75,4.625,0
US1115721037,1995-06-30T00:00:00,5.375,5.375,5.625,5.25,0
US1115721037,1995-07-03T00:00:00,5.5,5.375,5.5,5.25,0
US1115721037,1995-07-05T00:00:00,5.5,5.5,5.5,5.375,0
US1115721037,1995-07-06T00:00:00,5.125,5.375,5.375,5.0,0
US1115721037,1995-07-07T00:00:00,5.375,5.125,5.375,5.0,0
US1115721037,1995-07-10T00:00:00,5.375,5.375,5.5,5.25,0
US1115721037,1995-07-11T00:00:00,5.25,5.375,5.375,5.125,0
US1115721037,1995-07-12T00:00:00,5.125,5.25,5.25,5.0,0
US1115721037,1995-07-13T00:00:00,5.125,5.125,5.125,5.0,0
US1115721037,1995-07-14T00:00:00,5.125,5.0,5.25,5.0,0
US1115721037,1995-07-17T00:00:00,5.125,5.25,5.25,5.0,0
US1115721037,1995-07-18T00:00:00,5.125,5.0,5.125,5.0,0
US1115721037,1995-07-19T00:00:00,5.125,5.0,5.125,4.875,0
US1115721037,1995-07-20T00:00:00,5.0,5.0,5.0,4.875,0
US1115721037,1995-07-21T00:00:00,5.0,4.875,5.0,4.875,0
US1115721037,1995-07-24T00:00:00,5.0,5.0,5.0,4.875,0
US1115721037,1995-07-25T00:00:00,5.0,5.0,5.0,4.625,0
US1115721037,1995-07-26T00:00:00,4.75,4.875,4.875,4.75,0
US1115721037,1995-07-27T00:00:00,4.625,4.625,4.625,4.5,0
US1115721037,1995-07-28T00:00:00,4.5,4.5,4.5,4.375,0
US1115721037,1995-07-31T00:00:00,4.375,4.5,4.5,3.875,0
US1115721037,1995-08-01T00:00:00,4.0,4.25,4.25,3.875,0
US1115721037,1995-08-02T00:00:00,3.625,4.0,4.0,3.5,0
US1115721037,1995-08-03T00:00:00,3.5,3.625,3.625,3.25,0
US1115721037,1995-08-04T00:00:00,3.0,3.5,3.5,2.625,0
US1115721037,1995-08-07T00:00:00,1.625,2.25,2.25,1.5,0
US1115721037,1995-08-08T00:00:00,1.875,1.75,1.875,1.625,0
US1115721037,1995-08-09T00:00:00,2.25,2.0,2.25,1.875,0
US1115721037,1995-08-10T00:00:00,2.25,2.25,2.375,2.125,0
US1115721037,1995-08-11T00:00:00,2.875,2.375,2.875,2.375,0
US1115721037,1995-08-14T00:00:00,2.875,2.875,3.0,2.25,0
US1115721037,1995-08-15T00:00:00,7.25,7.25,7.375,6.875,0
US1115721037,1995-08-16T00:00:00,7.375,7.25,7.5,7.25,0
US1115721037,1995-08-17T00:00:00,7.375,7.375,7.5,7.375,0
US1115721037,1995-08-18T00:00:00,7.25,7.375,7.5,7.25,0
US1115721037,1995-08-21T00:00:00,7.375,7.25,7.375,7.25,0
US1115721037,1995-08-22T00:00:00,7.375,7.25,7.375,7.25,0
US1115721037,1995-08-23T00:00:00,7.25,7.25,7.25,7.125,0
US1115721037,1995-08-24T00:00:00,7.0,7.125,7.25,6.875,0
US1115721037,1995-08-25T00:00:00,7.0,7.0,7.125,7.0,0
US1115721037,1995-08-28T00:00:00,7.0,7.0,7.125,7.0,0
US1115721037,1995-08-29T00:00:00,7.0,7.0,7.0,6.875,0
US1115721037,1995-08-30T00:00:00,7.0,6.875,7.125,6.875,0
US1115721037,1995-08-31T00:00:00,6.875,7.0,7.0,6.875,0
US1115721037,1995-09-01T00:00:00,7.125,6.875,7.125,6.875,0
US1115721037,1995-09-05T00:00:00,7.25,7.125,7.25,7.125,0
US1115721037,1995-09-06T00:00:00,7.25,7.25,7.375,7.25,0
US1115721037,1995-09-07T00:00:00,7.375,7.25,7.375,7.125,0
US1115721037,1995-09-08T00:00:00,7.25,7.375,7.375,7.25,0
US1115721037,1995-09-11T00:00:00,7.75,7.25,7.75,7.25,0
US1115721037,1995-09-12T00:00:00,7.875,7.625,7.875,7.625,0
US1115721037,1995-09-13T00:00:00,7.75,7.75,7.75,7.75,0
US1115721037,1995-09-14T00:00:00,7.625,7.625,7.75,7.625,0
US1115721037,1995-09-15T00:00:00,7.625,7.625,7.75,7.375,0
US1115721037,1995-09-18T00:00:00,7.5,7.5,7.5,7.375,0
US1115721037,1995-09-19T00:00:00,7.5,7.625,7.625,7.5,0
US1115721037,1995-09-20T00:00:00,7.5,7.5,7.5,7.5,0
US1115721037,1995-09-21T00:00:00,7.375,7.5,7.625,7.375,0
US1115721037,1995-09-22T00:00:00,7.375,7.375,7.375,7.25,0
US1115721037,1995-09-25T00:00:00,7.375,7.25,7.5,7.25,0
US1115721037,1995-09-26T00:00:00,7.5,7.375,7.625,7.375,0
US1115721037,1995-09-27T00:00:00,7.5,7.5,7.625,7.5,0
US1115721037,1995-09-28T00:00:00,7.375,7.5,7.5,7.375,0
US1115721037,1995-09-29T00:00:00,7.5,7.5,7.5,7.375,0
US1115721037,1995-10-02T00:00:00,7.75,7.5,7.75,7.5,0
US1115721037,1995-10-03T00:00:00,7.625,7.625,7.625,7.625,0
US1115721037,1995-10-04T00:00:00,7.375,7.5,7.5,7.375,0
US1115721037,1995-10-05T00:00:00,7.625,7.375,7.625,7.25,0
US1115721037,1995-10-06T00:00:00,7.5,7.625,7.625,7.5,0
US1115721037,1995-10-09T00:00:00,7.625,7.375,7.625,7.375,0
US1115721037,1995-10-10T00:00:00,7.5,7.5,7.5,7.375,0
US1115721037,1995-10-11T00:00:00,7.625,7.375,7.75,7.375,0
