instrument,TR.PriceCloseDate,TR.PriceClose,TR.PriceOpen,TR.PriceHigh,TR.PriceLow,TR.Volume
US83169A1007,2001-10-16T00:00:00,0.004,0.0003,0.0003,0.0003,0
US83169A1007,2001-10-17T00:00:00,0.004,0.0003,0.0003,0.0003,0
US83169A1007,2001-10-18T00:00:00,0.004,0.0004,0.0007,0.0004,0
US83169A1007,2001-10-22T00:00:00,0.004,0.0004,0.0004,0.0004,0
US83169A1007,2001-10-23T00:00:00,0.004,0.0004,0.0004,0.0004,0
US83169A1007,2001-10-26T00:00:00,0.004,0.0004,0.0004,0.0004,0
US83169A1007,2001-10-30T00:00:00,0.004,0.0004,0.0004,0.0004,0
US83169A1007,2001-10-31T00:00:00,0.004,0.0004,0.0004,0.0004,0
US83169A1007,2001-11-01T00:00:00,0.001,0.0004,0.0004,0.0004,0
US83169A1007,2001-11-05T00:00:00,0.004,0.0004,0.0004,0.0004,0
US83169A1007,2001-11-06T00:00:00,0.004,0.0004,0.0004,0.0004,0
US83169A1007,2001-11-07T00:00:00,0.004,0.0004,0.0004,0.0004,0
US83169A1007,2001-11-08T00:00:00,0.004,0.0004,0.0004,0.0004,0
US83169A1007,2001-11-13T00:00:00,0.004,0.0004,0.0004,0.0004,0
US83169A1007,2001-11-14T00:00:00,0.004,0.0004,0.0004,0.0004,0
US83169A1007,2001-11-15T00:00:00,0.004,0.0004,0.0004,0.0004,0
US83169A1007,2001-11-19T00:00:00,0.004,0.0004,0.0004,0.0004,0
US83169A1007,2001-11-20T00:00:00,0.004,0.0004,0.0004,0.0004,0
US83169A1007,2001-11-21T00:00:00,0.004,0.0004,0.0004,0.0004,0
US83169A1007,2001-11-26T00:00:00,0.004,0.0007,0.0007,0.0007,0
US83169A1007,2001-11-27T00:00:00,0.004,0.0004,0.0004,0.0004,0
US83169A1007,2001-11-28T00:00:00,0.004,0.0004,0.0004,0.0004,0
US83169A1007,2001-11-29T00:00:00,0.004,0.0004,0.0004,0.0004,0
US83169A1007,2001-11-30T00:00:00,0.004,0.0004,0.0004,0.0004,0
US83169A1007,2001-12-03T00:00:00,0.004,0.0004,0.0004,0.0004,0
US83169A1007,2001-12-04T00:00:00,0.004,0.0004,0.0004,0.0004,0
US83169A1007,2001-12-05T00:00:00,0.004,0.0004,0.0004,0.0004,0
US83169A1007,2001-12-06T00:00:00,0.004,0.0004,0.0004,0.0004,0
US83169A1007,2001-12-07T00:00:00,0.004,0.0004,0.0004,0.0004,0
US83169A1007,2001-12-10T00:00:00,0.004,0.0004,0.0004,0.0004,0
US83169A1007,2001-12-12T00:00:00,0.004,0.0004,0.0004,0.0004,0
US83169A1007,2001-12-13T00:00:00,0.004,0.0004,0.0004,0.0004,0
US83169A1007,2001-12-14T00:00:00,0.002,0.0004,0.0004,0.0004,0
US83169A1007,2001-12-17T00:00:00,0.002,0.0004,0.0004,0.0004,0
US83169A1007,2001-12-18T00:00:00,0.002,0.0004,0.0004,0.0004,0
US83169A1007,2001-12-19T00:00:00,0.002,0.0004,0.0004,0.0004,0
US83169A1007,2001-12-20T00:00:00,0.002,0.0004,0.0004,0.0004,0
US83169A1007,2001-12-21T00:00:00,0.002,0.0004,0.0004,0.0004,0
US83169A1007,2001-12-24T00:00:00,0.002,0.0004,0.0004,0.0004,0
US83169A1007,2001-12-26T00:00:00,0.002,0.0004,0.0004,0.0004,0
US83169A1007,2001-12-27T00:00:00,0.002,0.0004,0.0004,0.0004,0
US83169A1007,2001-12-28T00:00:00,0.002,0.0004,0.0004,0.0004,0
US83169A1007,2001-12-31T00:00:00,0.002,0.0004,0.0004,0.0004,0
US83169A1007,2002-01-03T00:00:00,0.002,0.0004,0.0004,0.0004,0
US83169A1007,2002-01-07T00:00:00,0.002,0.0004,0.0004,0.0004,0
US83169A1007,2002-01-08T00:00:00,0.002,0.0004,0.0004,0.0004,0
US83169A1007,2002-01-10T00:00:00,0.004,0.0004,0.0004,0.0004,0
US83169A1007,2002-01-11T00:00:00,0.002,0.0004,0.0004,0.0004,0
US83169A1007,2002-01-14T00:00:00,0.002,0.0004,0.0004,0.0004,0
US83169A1007,2002-01-15T00:00:00,0.002,0.0004,0.0004,0.0004,0
US83169A1007,2002-01-16T00:00:00,0.002,0.0004,0.0004,0.0004,0
US83169A1007,2002-01-17T00:00:00,0.002,0.0004,0.0004,0.0004,0
US83169A1007,2002-01-18T00:00:00,0.002,0.0004,0.0004,0.0004,0
US83169A1007,2002-01-22T00:00:00,0.002,0.0004,0.0004,0.0004,0
US83169A1007,2002-01-23T00:00:00,0.002,0.0004,0.0004,0.0004,0
US83169A1007,2002-01-24T00:00:00,0.002,0.0004,0.0004,0.0004,0
US83169A1007,2002-01-25T00:00:00,0.002,0.0004,0.0004,0.0004,0
US83169A1007,2002-01-28T00:00:00,0.002,0.0004,0.0004,0.0004,0
US83169A1007,2002-01-30T00:00:00,0.002,0.0007,0.0007,0.0007,0
US83169A1007,2002-01-31T00:00:00,0.002,0.0007,0.0007,0.0007,0
US83169A1007,2002-02-01T00:00:00,0.002,0.0006,0.0006,0.0006,0
US83169A1007,2002-02-04T00:00:00,0.002,0.0006,0.0006,0.0006,0
US83169A1007,2002-02-05T00:00:00,0.002,0.0006,0.0006,0.0006,0
US83169A1007,2002-02-06T00:00:00,0.002,0.0006,0.0006,0.0006,0
US83169A1007,2002-02-12T00:00:00,0.002,0.0006,0.0006,0.0006,0
US83169A1007,2002-02-13T00:00:00,0.002,0.0006,0.0006,0.0006,0
US83169A1007,2002-02-14T00:00:00,0.002,0.0006,0.0006,0.0006,0
US83169A1007,2002-02-19T00:00:00,0.002,0.0009,0.0009,0.0009,0
US83169A1007,2002-02-20T00:00:00,0.002,0.0009,0.0009,0.0009,0
US83169A1007,2002-02-21T00:00:00,0.002,0.0009,0.0009,0.0006,0
US83169A1007,2002-02-22T00:00:00,0.002,0.0006,0.0006,0.0006,0
US83169A1007,2002-02-25T00:00:00,0.002,0.0006,0.0006,0.0006,0
US83169A1007,2002-02-26T00:00:00,0.002,0.0006,0.0006,0.0006,0
US83169A1007,2002-02-27T00:00:00,0.002,0.0009,0.0009,0.0006,0
US83169A1007,2002-02-28T00:00:00,0.002,0.0006,0.0006,0.0006,0
US83169A1007,2002-03-05T00:00:00,0.002,0.0006,0.0006,0.0006,0
US83169A1007,2002-03-06T00:00:00,0.002,0.0009,0.0009,0.0009,0
US83169A1007,2002-03-07T00:00:00,0.002,0.0006,0.0008,0.0006,0
US83169A1007,2002-03-08T00:00:00,0.002,0.0006,0.0008,0.0006,0
US83169A1007,2002-03-11T00:00:00,0.002,0.0006,0.0006,0.0006,0
US83169A1007,2002-03-12T00:00:00,0.002,0.0006,0.0006,0.0006,0
US83169A1007,2002-03-13T00:00:00,0.002,0.0006,0.0006,0.0006,0
US83169A1007,2002-03-15T00:00:00,0.002,0.0006,0.0006,0.0006,0
US83169A1007,2002-03-19T00:00:00,0.002,0.0006,0.0006,0.0006,0
US83169A1007,2002-03-20T00:00:00,0.002,0.0006,0.0006,0.0006,0
US83169A1007,2002-03-26T00:00:00,0.002,0.0006,0.0006,0.0006,0
US83169A1007,2002-03-27T00:00:00,0.002,0.0006,0.0006,0.0006,0
US83169A1007,2002-03-28T00:00:00,0.002,0.0006,0.0006,0.0006,0
US83169A1007,2002-04-01T00:00:00,0.002,0.0006,0.0006,0.0006,0
US83169A1007,2002-04-02T00:00:00,0.002,0.0006,0.0006,0.0006,0
US83169A1007,2002-04-03T00:00:00,0.002,0.0009,0.0009,0.0009,0
US83169A1007,2002-04-04T00:00:00,0.002,0.0012,0.0012,0.0012,0
US83169A1007,2002-04-05T00:00:00,0.002,0.0012,0.0012,0.0012,0
US83169A1007,2002-04-08T00:00:00,0.002,0.0012,0.0012,0.0012,0
US83169A1007,2002-04-09T00:00:00,0.002,0.0012,0.0012,0.0012,0
US83169A1007,2002-04-10T00:00:00,0.002,0.0012,0.0012,0.0012,0
US83169A1007,2002-04-11T00:00:00,0.002,0.0012,0.0012,0.0012,0
US83169A1007,2002-04-12T00:00:00,0.002,0.0012,0.0012,0.0012,0
US83169A1007,2002-04-15T00:00:00,0.002,0.0012,0.0012,0.0012,0
US83169A1007,2002-04-16T00:00:00,0.002,0.0012,0.0012,0.001,0
US83169A1007,2002-04-18T00:00:00,0.002,0.0008,0.0008,0.0008,0
US83169A1007,2002-04-22T00:00:00,0.002,0.0008,0.0008,0.0008,0
US83169A1007,2002-04-23T00:00:00,0.002,0.0008,0.0008,0.0008,0
US83169A1007,2002-04-25T00:00:00,0.002,0.0007,0.0007,0.0007,0
US83169A1007,2002-04-26T00:00:00,0.002,0.0007,0.0007,0.0007,0
US83169A1007,2002-04-29T00:00:00,0.002,0.0007,0.0007,0.0007,0
US83169A1007,2002-04-30T00:00:00,0.002,0.0007,0.0007,0.0007,0
US83169A1007,2002-05-01T00:00:00,0.002,0.0007,0.0007,0.0007,0
US83169A1007,2002-05-02T00:00:00,0.002,0.0007,0.0007,0.0007,0
US83169A1007,2002-05-03T00:00:00,0.002,0.0007,0.0007,0.0007,0
US83169A1007,2002-05-06T00:00:00,0.002,0.0007,0.0007,0.0007,0
US83169A1007,2002-05-07T00:00:00,0.002,0.0007,0.0007,0.0007,0
US83169A1007,2002-05-08T00:00:00,0.002,0.0007,0.0007,0.0007,0
US83169A1007,2002-05-09T00:00:00,0.002,0.0007,0.0007,0.0007,0
US83169A1007,2002-05-10T00:00:00,0.002,0.0007,0.0007,0.0007,0
US83169A1007,2002-05-13T00:00:00,0.002,0.0007,0.0007,0.0007,0
US83169A1007,2002-05-14T00:00:00,0.002,0.0007,0.0007,0.0007,0
US83169A1007,2002-05-15T00:00:00,0.002,0.0007,0.0007,0.0007,0
US83169A1007,2002-05-16T00:00:00,0.002,0.0007,0.0007,0.0007,0
US83169A1007,2002-05-17T00:00:00,0.002,0.0007,0.0007,0.0007,0
US83169A1007,2002-05-20T00:00:00,0.002,0.0007,0.0007,0.0007,0
US83169A1007,2002-05-21T00:00:00,0.002,0.0009,0.0009,0.0009,0
US83169A1007,2002-05-22T00:00:00,0.002,0.0009,0.0009,0.0009,0
US83169A1007,2002-05-23T00:00:00,0.002,0.0009,0.0009,0.0009,0
US83169A1007,2002-05-28T00:00:00,0.002,0.0007,0.0007,0.0007,0
US83169A1007,2002-05-29T00:00:00,0.002,0.0007,0.0007,0.0007,0
US83169A1007,2002-05-30T00:00:00,0.002,0.0007,0.0007,0.0007,0
US83169A1007,2002-05-31T00:00:00,0.002,0.0007,0.0007,0.0007,0
US83169A1007,2002-06-03T00:00:00,0.001,0.0007,0.0007,0.0007,0
US83169A1007,2002-06-05T00:00:00,0.001,0.0007,0.0007,0.0007,0
US83169A1007,2002-06-06T00:00:00,0.001,0.0007,0.0007,0.0007,0
US83169A1007,2002-06-10T00:00:00,0.001,0.0007,0.0007,0.0007,0
US83169A1007,2002-06-11T00:00:00,0.001,0.0007,0.0007,0.0007,0
US83169A1007,2002-06-12T00:00:00,0.001,0.0007,0.0007,0.0007,0
US83169A1007,2002-06-14T00:00:00,0.001,0.0007,0.0007,0.0007,0
US83169A1007,2002-06-18T00:00:00,0.001,0.0007,0.0007,0.0007,0
US83169A1007,2002-06-19T00:00:00,0.001,0.0007,0.0007,0.0007,0
US83169A1007,2002-06-20T00:00:00,0.001,0.0007,0.0007,0.0007,0
US83169A1007,2002-06-21T00:00:00,0.001,0.0007,0.0007,0.0007,0
US83169A1007,2002-06-24T00:00:00,0.001,0.0007,0.0007,0.0007,0
US83169A1007,2002-06-25T00:00:00,0.001,0.0007,0.001,0.0007,0
US83169A1007,2002-06-26T00:00:00,0.001,0.0007,0.001,0.0007,0
US83169A1007,2002-06-27T00:00:00,0.001,0.0007,0.001,0.0007,0
US83169A1007,2002-06-28T00:00:00,0.001,0.0007,0.001,0.0007,0
US83169A1007,2002-07-01T00:00:00,0.001,0.0009,0.0009,0.0009,0
US83169A1007,2002-07-02T00:00:00,0.001,0.0009,0.0009,0.0009,0
US83169A1007,2002-07-08T00:00:00,0.001,0.0009,0.0009,0.0009,0
US83169A1007,2002-07-09T00:00:00,0.001,0.0009,0.0009,0.0009,0
US83169A1007,2002-07-10T00:00:00,0.001,0.0009,0.0009,0.0009,0
US83169A1007,2002-07-11T00:00:00,0.001,0.0009,0.0009,0.0009,0
US83169A1007,2002-07-12T00:00:00,0.001,0.0009,0.0009,0.0009,0
US83169A1007,2002-07-17T00:00:00,0.001,0.0009,0.0009,0.0009,0
US83169A1007,2002-07-18T00:00:00,0.001,0.0009,0.0009,0.0009,0
US83169A1007,2002-07-19T00:00:00,0.001,0.0009,0.0009,0.0009,0
US83169A1007,2002-07-22T00:00:00,0.001,0.0009,0.0009,0.0009,0
US83169A1007,2002-07-23T00:00:00,0.001,0.0009,0.0009,0.0009,0
US83169A1007,2002-07-24T00:00:00,0.001,0.0009,0.0009,0.0009,0
US83169A1007,2002-07-25T00:00:00,0.001,0.0009,0.0009,0.0009,0
US83169A1007,2002-07-26T00:00:00,0.001,0.0009,0.0009,0.0009,0
US83169A1007,2002-07-29T00:00:00,0.001,0.0009,0.0009,0.0009,0
US83169A1007,2002-07-30T00:00:00,0.001,0.0009,0.0009,0.0009,0
US83169A1007,2002-07-31T00:00:00,0.001,0.0012,0.0012,0.0009,0
US83169A1007,2002-08-01T00:00:00,0.001,0.0009,0.0009,0.0009,0
US83169A1007,2002-08-05T00:00:00,0.001,0.0009,0.0009,0.0009,0
US83169A1007,2002-08-06T00:00:00,0.001,0.0009,0.0009,0.0009,0
US83169A1007,2002-08-07T00:00:00,0.001,0.0009,0.0009,0.0009,0
US83169A1007,2002-08-08T00:00:00,0.001,0.0009,0.0009,0.0009,0
US83169A1007,2002-08-09T00:00:00,0.001,0.0009,0.0009,0.0009,0
US83169A1007,2002-08-12T00:00:00,0.001,0.0009,0.0009,0.0009,0
US83169A1007,2002-08-14T00:00:00,0.001,0.0009,0.0009,0.0009,0
US83169A1007,2002-08-15T00:00:00,0.001,0.0009,0.0009,0.0009,0
US83169A1007,2002-08-16T00:00:00,0.001,0.0009,0.0009,0.0009,0
US83169A1007,2002-08-20T00:00:00,0.001,0.0009,0.0009,0.0009,0
US83169A1007,2002-08-22T00:00:00,0.001,0.0009,0.0009,0.0009,0
US83169A1007,2002-08-23T00:00:00,0.001,0.0009,0.0009,0.0009,0
US83169A1007,2002-08-26T00:00:00,0.001,0.0009,0.0009,0.0009,0
US83169A1007,2002-08-27T00:00:00,0.001,0.0009,0.0009,0.0009,0
US83169A1007,2002-08-28T00:00:00,0.001,0.0009,0.0009,0.0009,0
US83169A1007,2002-08-29T00:00:00,0.001,0.0009,0.0009,0.0009,0
US83169A1007,2002-08-30T00:00:00,0.001,0.0009,0.0009,0.0009,0
US83169A1007,2002-09-03T00:00:00,0.001,0.0009,0.0009,0.0009,0
US83169A1007,2002-09-04T00:00:00,0.001,0.0009,0.0009,0.0009,0
US83169A1007,2002-09-05T00:00:00,0.001,0.0009,0.0009,0.0009,0
US83169A1007,2002-09-09T00:00:00,0.002,0.0009,0.0009,0.0009,0
US83169A1007,2002-09-10T00:00:00,0.001,0.0009,0.0009,0.0009,0
US83169A1007,2002-09-11T00:00:00,0.0015,0.0009,0.0009,0.0009,0
US83169A1007,2002-09-12T00:00:00,0.0015,0.0012,0.0012,0.0009,0
US83169A1007,2002-09-16T00:00:00,0.0015,0.0009,0.0009,0.0009,0
US83169A1007,2002-09-17T00:00:00,0.0015,0.0009,0.0009,0.0009,0
US83169A1007,2002-09-18T00:00:00,0.0015,0.0009,0.0009,0.0009,0
US83169A1007,2002-09-20T00:00:00,0.0015,0.0009,0.0009,0.0009,0
US83169A1007,2002-09-23T00:00:00,0.0015,0.0009,0.0009,0.0009,0
US83169A1007,2002-09-25T00:00:00,0.0015,0.0009,0.0009,0.0009,0
US83169A1007,2002-09-26T00:00:00,0.0015,0.0009,0.0009,0.0009,0
US83169A1007,2002-09-27T00:00:00,0.0015,0.0009,0.0009,0.0009,0
US83169A1007,2002-09-30T00:00:00,0.0015,0.0009,0.0009,0.0009,0
US83169A1007,2002-10-01T00:00:00,0.0015,0.0009,0.0009,0.0009,0
US83169A1007,2002-10-04T00:00:00,0.002,0.0009,0.0009,0.0009,0
US83169A1007,2002-10-07T00:00:00,0.0015,0.0009,0.0009,0.0009,0
US83169A1007,2002-10-08T00:00:00,0.0015,0.0009,0.0009,0.0009,0
US83169A1007,2002-10-09T00:00:00,0.0015,0.0009,0.0009,0.0009,0
US83169A1007,2002-10-11T00:00:00,0.0015,0.0009,0.0009,0.0009,0
US83169A1007,2002-10-15T00:00:00,0.0015,0.0009,0.0009,0.0009,0
US83169A1007,2002-10-16T00:00:00,0.0015,0.0009,0.0009,0.0009,0
US83169A1007,2002-10-17T00:00:00,0.0015,0.0009,0.0009,0.0007,0
US83169A1007,2002-10-18T00:00:00,0.0015,0.0007,0.0007,0.0007,0
US83169A1007,2002-10-21T00:00:00,0.0015,0.0007,0.0007,0.0007,0
US83169A1007,2002-10-22T00:00:00,0.0015,0.0007,0.0007,0.0007,0
US83169A1007,2002-10-23T00:00:00,0.0015,0.0007,0.0007,0.0007,0
US83169A1007,2002-10-24T00:00:00,0.0015,0.0007,0.0007,0.0007,0
US83169A1007,2002-10-25T00:00:00,0.0015,0.0007,0.0007,0.0007,0
US83169A1007,2002-10-29T00:00:00,0.0015,0.0007,0.0007,0.0007,0
US83169A1007,2002-10-31T00:00:00,0.0015,0.0007,0.0007,0.0007,0
US83169A1007,2002-11-04T00:00:00,0.0015,0.0007,0.0007,0.0007,0
US83169A1007,2002-11-05T00:00:00,0.0015,0.0007,0.0007,0.0007,0
US83169A1007,2002-11-06T00:00:00,0.0015,0.0007,0.0007,0.0007,0
US83169A1007,2002-11-07T00:00:00,0.0015,0.0007,0.0007,0.0007,0
US83169A1007,2002-11-08T00:00:00,0.0015,0.0007,0.0007,0.0007,0
US83169A1007,2002-11-11T00:00:00,0.0015,0.0007,0.0007,0.0007,0
US83169A1007,2002-11-12T00:00:00,0.0015,0.0007,0.0007,0.0007,0
US83169A1007,2002-11-13T00:00:00,0.002,0.0007,0.0007,0.0007,0
US83169A1007,2002-11-14T00:00:00,0.0015,0.0007,0.0007,0.0007,0
US83169A1007,2002-11-22T00:00:00,0.0015,0.0007,0.0007,0.0007,0
US83169A1007,2002-11-25T00:00:00,0.0015,0.0007,0.0007,0.0007,0
US83169A1007,2002-11-26T00:00:00,0.0015,0.0007,0.0007,0.0007,0
US83169A1007,2002-11-29T00:00:00,0.0005,0.0007,0.0007,0.0007,0
US83169A1007,2002-12-02T00:00:00,0.0001,0.0007,0.0007,0.0007,0
US83169A1007,2002-12-03T00:00:00,0.0001,0.0007,0.0007,0.0007,0
US83169A1007,2002-12-04T00:00:00,0.0001,0.0007,0.0007,0.0007,0
US83169A1007,2002-12-05T00:00:00,0.0001,0.0007,0.0007,0.0007,0
US83169A1007,2002-12-06T00:00:00,0.0001,0.0007,0.0007,0.0007,0
US83169A1007,2002-12-09T00:00:00,0.0001,0.0007,0.0007,0.0007,0
US83169A1007,2002-12-11T00:00:00,0.0001,0.0007,0.0007,0.0007,0
US83169A1007,2002-12-12T00:00:00,0.0001,0.0007,0.0007,0.0007,0
US83169A1007,2002-12-13T00:00:00,0.0001,0.0007,0.0007,0.0007,0
US83169A1007,2002-12-16T00:00:00,0.0001,0.0007,0.0007,0.0007,0
US83169A1007,2002-12-17T00:00:00,0.0001,0.0007,0.0007,0.0007,0
US83169A1007,2002-12-18T00:00:00,0.0001,0.0007,0.0007,0.0007,0
US83169A1007,2002-12-20T00:00:00,0.0001,0.0007,0.0007,0.0007,0
US83169A1007,2002-12-23T00:00:00,0.0001,0.0007,0.0007,0.0007,0
US83169A1007,2002-12-24T00:00:00,0.0001,0.0012,0.0012,0.001,0
US83169A1007,2002-12-26T00:00:00,0.0001,0.001,0.001,0.001,0
US83169A1007,2002-12-27T00:00:00,0.0001,0.001,0.001,0.001,0
US83169A1007,2002-12-30T00:00:00,0.0001,0.001,0.001,0.001,0
US83169A1007,2002-12-31T00:00:00,0.0001,0.001,0.001,0.001,0
US83169A1007,2003-01-03T00:00:00,0.0001,0.001,0.001,0.001,0
US83169A1007,2003-01-07T00:00:00,0.0001,0.001,0.001,0.001,0
US83169A1007,2003-01-08T00:00:00,0.0001,0.001,0.001,0.001,0
US83169A1007,2003-01-09T00:00:00,0.0001,0.001,0.001,0.001,0
US83169A1007,2003-01-10T00:00:00,0.0001,0.001,0.001,0.001,0
US83169A1007,2003-01-13T00:00:00,0.0001,0.001,0.001,0.001,0
US83169A1007,2003-01-14T00:00:00,0.0001,0.001,0.001,0.001,0
US83169A1007,2003-01-15T00:00:00,0.0001,0.001,0.001,0.001,0
US83169A1007,2003-01-16T00:00:00,0.0001,0.001,0.001,0.001,0
US83169A1007,2003-01-22T00:00:00,0.0001,0.001,0.001,0.001,0
US83169A1007,2003-01-23T00:00:00,0.0001,0.001,0.001,0.001,0
US83169A1007,2003-01-24T00:00:00,0.0001,0.001,0.001,0.001,0
US83169A1007,2003-01-27T00:00:00,0.0001,0.001,0.001,0.001,0
US83169A1007,2003-01-29T00:00:00,0.0001,0.001,0.001,0.001,0
US83169A1007,2003-01-30T00:00:00,0.0001,0.001,0.001,0.001,0
US83169A1007,2003-01-31T00:00:00,0.0001,0.001,0.001,0.001,0
US83169A1007,2003-02-03T00:00:00,0.0001,0.001,0.001,0.001,0
US83169A1007,2003-02-04T00:00:00,0.0001,0.001,0.001,0.001,0
US83169A1007,2003-02-07T00:00:00,0.0001,0.003,0.007,0.0013,0
US83169A1007,2003-02-10T00:00:00,0.001,0.0015,0.002,0.0015,0
US83169A1007,2003-02-11T00:00:00,0.0007,0.002,0.002,0.002,0
US83169A1007,2003-02-12T00:00:00,0.007,0.002,0.002,0.0015,0
US83169A1007,2003-02-13T00:00:00,0.0007,0.0015,0.0015,0.0015,0
US83169A1007,2003-02-19T00:00:00,0.0007,0.0015,0.0015,0.0015,0
US83169A1007,2003-02-20T00:00:00,0.0007,0.0015,0.0015,0.0015,0
US83169A1007,2003-02-21T00:00:00,0.0007,0.0015,0.0015,0.0015,0
US83169A1007,2003-02-24T00:00:00,0.0007,0.0015,0.0015,0.0015,0
US83169A1007,2003-02-25T00:00:00,0.0007,0.0015,0.0015,0.0015,0
US83169A1007,2003-02-26T00:00:00,0.0007,0.0015,0.0015,0.0015,0
US83169A1007,2003-03-03T00:00:00,0.0007,0.0015,0.0015,0.0015,0
US83169A1007,2003-03-04T00:00:00,0.0007,0.0015,0.0015,0.0015,0
US83169A1007,2003-03-06T00:00:00,0.0007,0.0015,0.0015,0.0015,0
US83169A1007,2003-03-10T00:00:00,0.0007,0.0015,0.0015,0.0015,0
US83169A1007,2003-03-11T00:00:00,0.0007,0.0015,0.0015,0.0015,0
US83169A1007,2003-03-12T00:00:00,0.0007,0.0015,0.0015,0.0015,0
US83169A1007,2003-03-13T00:00:00,0.0007,0.0015,0.0015,0.0015,0
US83169A1007,2003-03-14T00:00:00,0.0007,0.0015,0.0015,0.0015,0
US83169A1007,2003-03-19T00:00:00,0.0007,0.0015,0.0015,0.0015,0
US83169A1007,2003-03-20T00:00:00,0.0007,0.0015,0.0015,0.0015,0
US83169A1007,2003-03-21T00:00:00,0.001,0.0015,0.0015,0.0015,0
US83169A1007,2003-03-24T00:00:00,0.0008,0.0015,0.0015,0.0015,0
US83169A1007,2003-03-25T00:00:00,0.0008,0.0015,0.0015,0.0015,0
US83169A1007,2003-03-26T00:00:00,0.0008,0.0015,0.0015,0.0015,0
US83169A1007,2003-03-27T00:00:00,0.0008,0.0015,0.0015,0.0015,0
US83169A1007,2003-03-31T00:00:00,0.0008,0.0015,0.0015,0.0015,0
US83169A1007,2003-04-01T00:00:00,0.0008,0.0015,0.0015,0.0015,0
US83169A1007,2003-04-02T00:00:00,0.0008,0.0015,0.0015,0.0015,0
US83169A1007,2003-04-03T00:00:00,0.0008,0.0015,0.0015,0.0015,0
US83169A1007,2003-04-07T00:00:00,0.0008,0.0015,0.0015,0.0015,0
US83169A1007,2003-04-08T00:00:00,0.0008,0.0015,0.0015,0.0015,0
US83169A1007,2003-04-09T00:00:00,0.0008,0.0015,0.0015,0.0015,0
US83169A1007,2003-04-11T00:00:00,0.0008,0.0015,0.0015,0.0015,0
US83169A1007,2003-04-16T00:00:00,0.0008,0.0015,0.0015,0.0015,0
US83169A1007,2003-04-17T00:00:00,0.0008,0.0015,0.0015,0.0015,0
US83169A1007,2003-04-21T00:00:00,0.0008,0.0015,0.0015,0.0015,0
US83169A1007,2003-04-23T00:00:00,0.0008,0.0015,0.0015,0.0015,0
US83169A1007,2003-04-28T00:00:00,0.0008,0.0015,0.0015,0.0015,0
US83169A1007,2003-04-29T00:00:00,0.0015,0.0015,0.0015,0.0015,0
US83169A1007,2003-04-30T00:00:00,0.0008,0.0015,0.0015,0.0015,0
US83169A1007,2003-05-01T00:00:00,0.0008,0.0015,0.0015,0.0015,0
US83169A1007,2003-05-02T00:00:00,0.0008,0.0015,0.0015,0.0015,0
US83169A1007,2003-05-05T00:00:00,0.0008,0.0015,0.0015,0.0015,0
US83169A1007,2003-05-06T00:00:00,0.0008,0.0015,0.0015,0.0015,0
US83169A1007,2003-05-07T00:00:00,0.0008,0.0015,0.0015,0.0015,0
US83169A1007,2003-05-09T00:00:00,0.0008,0.002,0.002,0.002,0
US83169A1007,2003-05-12T00:00:00,0.0008,0.002,0.002,0.002,0
US83169A1007,2003-05-13T00:00:00,0.0008,0.002,0.002,0.002,0
US83169A1007,2003-05-14T00:00:00,0.0008,0.002,0.002,0.002,0
US83169A1007,2003-05-15T00:00:00,0.0008,0.002,0.002,0.002,0
US83169A1007,2003-05-16T00:00:00,0.0008,0.002,0.002,0.002,0
US83169A1007,2003-05-19T00:00:00,0.0008,0.0015,0.0015,0.0015,0
US83169A1007,2003-05-20T00:00:00,0.0008,0.0015,0.0015,0.0015,0
US83169A1007,2003-05-21T00:00:00,0.0008,0.0015,0.0015,0.0015,0
US83169A1007,2003-05-22T00:00:00,0.0008,0.0015,0.0015,0.0015,0
US83169A1007,2003-05-23T00:00:00,0.0008,0.0015,0.0015,0.001,0
US83169A1007,2003-05-27T00:00:00,0.0008,0.001,0.001,0.001,0
US83169A1007,2003-05-28T00:00:00,0.002,0.001,0.001,0.001,0
US83169A1007,2003-05-29T00:00:00,0.001,0.001,0.001,0.001,0
US83169A1007,2003-05-30T00:00:00,0.002,0.001,0.001,0.001,0
US83169A1007,2003-06-02T00:00:00,0.001,0.001,0.001,0.001,0
US83169A1007,2003-06-06T00:00:00,0.001,0.001,0.001,0.001,0
US83169A1007,2003-06-09T00:00:00,0.001,0.001,0.001,0.001,0
US83169A1007,2003-06-11T00:00:00,0.001,0.001,0.001,0.001,0
US83169A1007,2003-06-12T00:00:00,0.001,0.001,0.001,0.001,0
US83169A1007,2003-06-13T00:00:00,0.001,0.001,0.001,0.001,0
US83169A1007,2003-06-16T00:00:00,0.001,0.001,0.001,0.001,0
US83169A1007,2003-06-17T00:00:00,0.001,0.001,0.001,0.001,0
US83169A1007,2003-06-18T00:00:00,0.001,0.001,0.001,0.001,0
US83169A1007,2003-06-19T00:00:00,0.001,0.001,0.001,0.001,0
US83169A1007,2003-06-20T00:00:00,0.001,0.001,0.001,0.001,0
US83169A1007,2003-06-23T00:00:00,0.001,0.001,0.001,0.001,0
US83169A1007,2003-06-24T00:00:00,0.001,0.001,0.001,0.001,0
US83169A1007,2003-06-25T00:00:00,0.001,0.001,0.001,0.001,0
US83169A1007,2003-06-26T00:00:00,0.001,0.001,0.001,0.0008,0
US83169A1007,2003-06-27T00:00:00,0.001,0.001,0.001,0.0008,0
US83169A1007,2003-07-01T00:00:00,0.001,0.0008,0.0008,0.0008,0
US83169A1007,2003-07-02T00:00:00,0.001,0.0008,0.0008,0.0008,0
US83169A1007,2003-07-03T00:00:00,0.001,0.0008,0.0008,0.0008,0
US83169A1007,2003-07-08T00:00:00,0.001,0.0008,0.0008,0.0008,0
US83169A1007,2003-07-09T00:00:00,0.001,0.0008,0.0008,0.0008,0
US83169A1007,2003-07-10T00:00:00,0.001,0.0008,0.0008,0.0008,0
US83169A1007,2003-07-11T00:00:00,0.001,0.002,0.002,0.002,0
US83169A1007,2003-07-14T00:00:00,0.001,0.0008,0.0008,0.0008,0
US83169A1007,2003-07-16T00:00:00,0.001,0.0008,0.0008,0.0008,0
US83169A1007,2003-07-17T00:00:00,0.001,0.0008,0.0008,0.0008,0
US83169A1007,2003-07-18T00:00:00,0.001,0.0008,0.0008,0.0008,0
US83169A1007,2003-07-21T00:00:00,0.001,0.002,0.003,0.002,0
US83169A1007,2003-07-22T00:00:00,0.001,0.003,0.003,0.003,0
US83169A1007,2003-07-23T00:00:00,0.001,0.003,0.003,0.003,0
US83169A1007,2003-07-24T00:00:00,0.001,0.003,0.003,0.003,0
US83169A1007,2003-07-25T00:00:00,0.001,0.003,0.003,0.003,0
US83169A1007,2003-07-28T00:00:00,0.001,0.0015,0.0015,0.0015,0
US83169A1007,2003-07-29T00:00:00,0.001,0.0015,0.0015,0.0015,0
US83169A1007,2003-07-30T00:00:00,0.001,0.0015,0.0015,0.0015,0
US83169A1007,2003-08-01T00:00:00,0.001,0.0015,0.0015,0.0015,0
US83169A1007,2003-08-04T00:00:00,0.001,0.0015,0.0015,0.0015,0
US83169A1007,2003-08-05T00:00:00,0.001,0.0015,0.0015,0.0015,0
US83169A1007,2003-08-07T00:00:00,0.001,0.0015,0.002,0.001,0
US83169A1007,2003-08-08T00:00:00,0.001,0.002,0.002,0.002,0
US83169A1007,2003-08-11T00:00:00,0.001,0.002,0.002,0.002,0
US83169A1007,2003-08-12T00:00:00,0.001,0.002,0.002,0.002,0
US83169A1007,2003-08-13T00:00:00,0.001,0.002,0.002,0.002,0
US83169A1007,2003-08-14T00:00:00,0.001,0.005,0.005,0.005,0
US83169A1007,2003-08-15T00:00:00,0.001,0.002,0.002,0.002,0
US83169A1007,2003-08-22T00:00:00,0.001,0.002,0.002,0.002,0
US83169A1007,2003-08-26T00:00:00,0.001,0.002,0.002,0.002,0
US83169A1007,2003-08-27T00:00:00,0.001,0.002,0.002,0.002,0
US83169A1007,2003-08-29T00:00:00,0.001,0.002,0.002,0.002,0
US83169A1007,2003-09-03T00:00:00,0.001,0.002,0.002,0.002,0
US83169A1007,2003-09-05T00:00:00,0.001,0.002,0.002,0.002,0
US83169A1007,2003-09-09T00:00:00,0.001,0.002,0.002,0.002,0
US83169A1007,2003-09-10T00:00:00,0.001,0.002,0.002,0.002,0
US83169A1007,2003-09-11T00:00:00,0.001,0.002,0.002,0.002,0
US83169A1007,2003-09-17T00:00:00,0.001,0.002,0.002,0.002,0
US83169A1007,2003-09-18T00:00:00,0.001,0.002,0.002,0.002,0
US83169A1007,2003-09-24T00:00:00,0.001,0.002,0.002,0.002,0
US83169A1007,2003-09-25T00:00:00,0.001,0.002,0.002,0.002,0
US83169A1007,2003-09-30T00:00:00,0.001,0.0019,0.0019,0.0019,0
US83169A1007,2003-10-01T00:00:00,0.001,0.0019,0.0019,0.0019,0
US83169A1007,2003-10-06T00:00:00,0.001,0.0019,0.0019,0.0019,0
US83169A1007,2003-10-07T00:00:00,0.001,0.0019,0.0019,0.0019,0
US83169A1007,2003-10-08T00:00:00,0.001,0.0019,0.0019,0.0019,0
US83169A1007,2003-10-09T00:00:00,0.001,0.0019,0.0019,0.0019,0
US83169A1007,2003-10-10T00:00:00,0.001,0.0019,0.0019,0.0016,0
US83169A1007,2003-10-13T00:00:00,0.001,0.0016,0.0016,0.0016,0
US83169A1007,2003-10-14T00:00:00,0.001,0.0015,0.0015,0.0015,0
US83169A1007,2003-10-15T00:00:00,0.001,0.0015,0.0015,0.0015,0
US83169A1007,2003-10-16T00:00:00,0.001,0.0015,0.0015,0.0015,0
US83169A1007,2003-10-21T00:00:00,0.001,0.0015,0.0015,0.0015,0
US83169A1007,2003-10-22T00:00:00,0.001,0.0015,0.0015,0.0015,0
US83169A1007,2003-10-23T00:00:00,0.001,0.0015,0.0015,0.0015,0
US83169A1007,2003-10-24T00:00:00,0.001,0.0015,0.0015,0.0015,0
US83169A1007,2003-10-27T00:00:00,0.001,0.0015,0.0015,0.0015,0
US83169A1007,2003-10-28T00:00:00,0.001,0.0015,0.0015,0.0015,0
US83169A1007,2003-10-29T00:00:00,0.005,0.0015,0.0015,0.0015,0
US83169A1007,2003-10-30T00:00:00,0.001,0.0015,0.0015,0.0015,0
US83169A1007,2003-10-31T00:00:00,0.001,0.0015,0.0015,0.0015,0
US83169A1007,2003-11-03T00:00:00,0.001,0.0015,0.0015,0.0015,0
US83169A1007,2003-11-04T00:00:00,0.001,0.0015,0.0015,0.0015,0
US83169A1007,2003-11-05T00:00:00,0.001,0.0015,0.0015,0.0015,0
US83169A1007,2003-11-06T00:00:00,0.001,0.0015,0.0015,0.0015,0
US83169A1007,2003-11-07T00:00:00,0.001,0.0015,0.0015,0.0015,0
US83169A1007,2003-11-10T00:00:00,0.001,0.0015,0.0015,0.0015,0
US83169A1007,2003-11-12T00:00:00,0.001,0.0015,0.0015,0.0015,0
US83169A1007,2003-11-14T00:00:00,0.001,0.0015,0.0015,0.0015,0
US83169A1007,2003-11-17T00:00:00,0.001,0.0015,0.0015,0.0012,0
US83169A1007,2003-11-19T00:00:00,0.001,0.0012,0.0012,0.0012,0
US83169A1007,2003-11-20T00:00:00,0.001,0.0012,0.0012,0.0012,0
US83169A1007,2003-11-21T00:00:00,0.001,0.0012,0.0012,0.0012,0
US83169A1007,2003-11-25T00:00:00,0.001,0.0012,0.0012,0.0012,0
US83169A1007,2003-11-28T00:00:00,0.001,0.0012,0.0012,0.0012,0
US83169A1007,2003-12-01T00:00:00,0.001,0.0012,0.0012,0.0012,0
US83169A1007,2003-12-02T00:00:00,0.001,0.0012,0.0012,0.0012,0
US83169A1007,2003-12-03T00:00:00,0.001,0.0012,0.0012,0.0012,0
US83169A1007,2003-12-04T00:00:00,0.0009,0.0012,0.0012,0.0012,0
US83169A1007,2003-12-05T00:00:00,0.0009,0.0012,0.0012,0.0012,0
US83169A1007,2003-12-08T00:00:00,0.0008,0.0012,0.0012,0.0012,0
US83169A1007,2003-12-09T00:00:00,0.0008,0.0012,0.0012,0.0012,0
US83169A1007,2003-12-10T00:00:00,0.0008,0.0012,0.0012,0.0012,0
US83169A1007,2003-12-11T00:00:00,0.0008,0.0012,0.0012,0.0012,0
US83169A1007,2003-12-12T00:00:00,0.0008,0.0012,0.0012,0.0012,0
US83169A1007,2003-12-15T00:00:00,0.0008,0.0012,0.0012,0.0012,0
US83169A1007,2003-12-16T00:00:00,0.0008,0.0012,0.0012,0.0012,0
US83169A1007,2003-12-17T00:00:00,0.0008,0.0012,0.0012,0.0012,0
US83169A1007,2003-12-18T00:00:00,0.0008,0.0012,0.0012,0.0012,0
US83169A1007,2003-12-19T00:00:00,0.0008,0.0012,0.0012,0.0012,0
US83169A1007,2003-12-22T00:00:00,0.0008,0.0012,0.0012,0.0012,0
US83169A1007,2003-12-23T00:00:00,0.0008,0.0012,0.0012,0.0012,0
US83169A1007,2003-12-24T00:00:00,0.0008,0.0012,0.0012,0.0012,0
US83169A1007,2003-12-26T00:00:00,0.0008,0.0012,0.0012,0.0012,0
US83169A1007,2003-12-29T00:00:00,0.0008,0.0012,0.0012,0.0012,0
US83169A1007,2003-12-30T00:00:00,0.0008,0.0012,0.0012,0.0012,0
US83169A1007,2003-12-31T00:00:00,0.0008,0.0012,0.0012,0.0012,0
US83169A1007,2004-01-05T00:00:00,0.0008,0.0011,0.0011,0.0011,0
US83169A1007,2004-01-06T00:00:00,0.0008,0.0011,0.0011,0.0011,0
US83169A1007,2004-01-07T00:00:00,0.0008,0.0011,0.0011,0.0011,0
US83169A1007,2004-01-09T00:00:00,0.0008,0.0011,0.0011,0.0011,0
US83169A1007,2004-01-12T00:00:00,0.0008,0.001,0.001,0.001,0
US83169A1007,2004-01-13T00:00:00,0.0008,0.001,0.001,0.001,0
US83169A1007,2004-01-14T00:00:00,0.0008,0.001,0.001,0.001,0
US83169A1007,2004-01-20T00:00:00,0.0008,0.001,0.001,0.001,0
US83169A1007,2004-01-21T00:00:00,0.0008,0.001,0.001,0.001,0
US83169A1007,2004-01-22T00:00:00,0.0008,0.001,0.001,0.001,0
US83169A1007,2004-01-23T00:00:00,0.0008,0.001,0.001,0.001,0
US83169A1007,2004-01-26T00:00:00,0.0008,0.001,0.001,0.001,0
US83169A1007,2004-01-27T00:00:00,0.0008,0.001,0.001,0.001,0
US83169A1007,2004-01-28T00:00:00,0.0008,0.001,0.001,0.001,0
US83169A1007,2004-01-29T00:00:00,0.0008,0.001,0.001,0.001,0
US83169A1007,2004-02-02T00:00:00,0.0008,0.001,0.001,0.001,0
US83169A1007,2004-02-03T00:00:00,0.0008,0.001,0.001,0.001,0
US83169A1007,2004-02-04T00:00:00,0.0008,0.001,0.001,0.001,0
US83169A1007,2004-02-05T00:00:00,0.0008,0.001,0.001,0.001,0
US83169A1007,2004-02-09T00:00:00,0.0008,0.001,0.001,0.001,0
US83169A1007,2004-02-10T00:00:00,0.0008,0.001,0.001,0.001,0
US83169A1007,2004-02-11T00:00:00,0.0008,0.001,0.001,0.001,0
US83169A1007,2004-02-12T00:00:00,0.0007,0.001,0.001,0.001,0
US83169A1007,2004-02-13T00:00:00,0.0007,0.001,0.001,0.001,0
US83169A1007,2004-02-20T00:00:00,0.0007,0.001,0.001,0.001,0
US83169A1007,2004-02-24T00:00:00,0.0007,0.001,0.001,0.001,0
US83169A1007,2004-02-26T00:00:00,0.0007,0.001,0.001,0.001,0
US83169A1007,2004-02-27T00:00:00,0.0007,0.001,0.001,0.001,0
US83169A1007,2004-03-03T00:00:00,0.0007,0.001,0.001,0.001,0
US83169A1007,2004-03-04T00:00:00,0.0007,0.001,0.001,0.001,0
US83169A1007,2004-03-05T00:00:00,0.0007,0.001,0.001,0.001,0
US83169A1007,2004-03-10T00:00:00,0.0007,0.001,0.001,0.001,0
US83169A1007,2004-03-11T00:00:00,0.0007,0.001,0.0014,0.001,0
US83169A1007,2004-03-12T00:00:00,0.0007,0.001,0.0014,0.001,0
US83169A1007,2004-03-15T00:00:00,0.0007,0.001,0.0014,0.001,0
US83169A1007,2004-03-16T00:00:00,0.0007,0.0014,0.0014,0.0014,0
US83169A1007,2004-03-17T00:00:00,0.0007,0.0014,0.0014,0.0009,0
US83169A1007,2004-03-18T00:00:00,0.0007,0.0014,0.0014,0.0009,0
US83169A1007,2004-03-19T00:00:00,0.0007,0.0014,0.0014,0.0009,0
US83169A1007,2004-03-23T00:00:00,0.0007,0.0008,0.0008,0.0008,0
US83169A1007,2004-03-24T00:00:00,0.0007,0.0008,0.0008,0.0008,0
US83169A1007,2004-03-25T00:00:00,0.0007,0.0008,0.0008,0.0008,0
US83169A1007,2004-03-26T00:00:00,0.0007,0.0008,0.0008,0.0008,0
US83169A1007,2004-03-30T00:00:00,0.0007,0.0008,0.0008,0.0008,0
US83169A1007,2004-03-31T00:00:00,0.0007,0.0008,0.0008,0.0008,0
US83169A1007,2004-04-02T00:00:00,0.0007,0.0008,0.0008,0.0008,0
US83169A1007,2004-04-06T00:00:00,0.0007,0.0008,0.0008,0.0008,0
US83169A1007,2004-04-07T00:00:00,0.0007,0.0008,0.0008,0.0008,0
US83169A1007,2004-04-08T00:00:00,0.0007,0.0008,0.0008,0.0008,0
US83169A1007,2004-04-12T00:00:00,0.0007,0.0008,0.0008,0.0008,0
US83169A1007,2004-04-13T00:00:00,0.0007,0.0008,0.0008,0.0008,0
US83169A1007,2004-04-14T00:00:00,0.0007,0.0008,0.0008,0.0008,0
US83169A1007,2004-04-16T00:00:00,0.0007,0.0008,0.0008,0.0008,0
US83169A1007,2004-04-19T00:00:00,0.0007,0.0008,0.0008,0.0008,0
US83169A1007,2004-04-20T00:00:00,0.0007,0.0008,0.0008,0.0008,0
US83169A1007,2004-04-21T00:00:00,0.0007,0.0008,0.0008,0.0008,0
US83169A1007,2004-04-22T00:00:00,0.0007,0.0008,0.0008,0.0008,0
US83169A1007,2004-04-23T00:00:00,0.0007,0.0008,0.0008,0.0008,0
US83169A1007,2004-04-27T00:00:00,0.0007,0.0008,0.0008,0.0008,0
US83169A1007,2004-04-30T00:00:00,0.0007,0.0008,0.0008,0.0008,0
US83169A1007,2004-05-03T00:00:00,0.0007,0.0008,0.0008,0.0008,0
US83169A1007,2004-05-04T00:00:00,0.0007,0.0008,0.0008,0.0008,0
US83169A1007,2004-05-07T00:00:00,0.0007,0.001,0.001,0.001,0
US83169A1007,2004-05-10T00:00:00,0.0007,0.0008,0.0008,0.0008,0
US83169A1007,2004-05-12T00:00:00,0.0007,0.0008,0.0008,0.0008,0
US83169A1007,2004-05-13T00:00:00,0.0007,0.0008,0.0008,0.0008,0
US83169A1007,2004-05-17T00:00:00,0.0007,0.0008,0.0008,0.0008,0
US83169A1007,2004-05-18T00:00:00,0.0007,0.0008,0.0008,0.0008,0
US83169A1007,2004-05-19T00:00:00,0.0007,0.0008,0.0008,0.0008,0
US83169A1007,2004-05-20T00:00:00,0.0007,0.0008,0.0008,0.0008,0
US83169A1007,2004-05-24T00:00:00,0.0007,0.0008,0.0008,0.0008,0
US83169A1007,2004-05-25T00:00:00,0.0007,0.0008,0.0008,0.0008,0
US83169A1007,2004-06-03T00:00:00,0.0007,0.0008,0.0008,0.0008,0
US83169A1007,2004-06-07T00:00:00,0.0007,0.0008,0.0008,0.0008,0
US83169A1007,2004-06-08T00:00:00,0.0007,0.0008,0.0008,0.0008,0
US83169A1007,2004-06-10T00:00:00,0.0007,0.0008,0.0008,0.0007,0
US83169A1007,2004-06-14T00:00:00,0.0007,0.0008,0.0008,0.0007,0
US83169A1007,2004-06-21T00:00:00,0.0007,0.0007,0.0007,0.0007,0
US83169A1007,2004-06-22T00:00:00,0.0007,0.0007,0.0007,0.0007,0
US83169A1007,2004-06-23T00:00:00,0.0007,0.0007,0.0007,0.0007,0
US83169A1007,2004-06-24T00:00:00,0.0007,0.0007,0.0007,0.0007,0
US83169A1007,2004-06-25T00:00:00,0.0007,0.0007,0.0007,0.0007,0
US83169A1007,2004-06-28T00:00:00,0.0007,0.0007,0.0007,0.0007,0
US83169A1007,2004-06-29T00:00:00,0.0007,0.0007,0.0007,0.0007,0
US83169A1007,2004-07-01T00:00:00,0.0007,0.0007,0.0007,0.0007,0
US83169A1007,2004-07-06T00:00:00,0.0007,0.0007,0.0007,0.0007,0
US83169A1007,2004-07-07T00:00:00,0.0007,0.0007,0.0007,0.0007,0
US83169A1007,2004-07-08T00:00:00,0.0007,0.0007,0.0007,0.0007,0
US83169A1007,2004-07-09T00:00:00,0.0007,0.0007,0.0007,0.0007,0
US83169A1007,2004-07-12T00:00:00,0.0007,0.0007,0.0007,0.0007,0
US83169A1007,2004-07-13T00:00:00,0.0005,0.0007,0.0007,0.0007,0
US83169A1007,2004-07-14T00:00:00,0.0005,0.0007,0.0007,0.0007,0
US83169A1007,2004-07-16T00:00:00,0.0005,0.001,0.001,0.001,0
US83169A1007,2004-07-19T00:00:00,0.0005,0.001,0.001,0.001,0
US83169A1007,2004-07-20T00:00:00,0.0005,0.0007,0.0007,0.0007,0
US83169A1007,2004-07-21T00:00:00,0.0005,0.0007,0.0007,0.0007,0
US83169A1007,2004-07-22T00:00:00,0.0005,0.0007,0.0007,0.0007,0
US83169A1007,2004-07-23T00:00:00,0.0005,0.001,0.001,0.001,0
US83169A1007,2004-07-28T00:00:00,0.0005,0.001,0.001,0.001,0
US83169A1007,2004-07-29T00:00:00,0.0005,0.001,0.001,0.001,0
US83169A1007,2004-07-30T00:00:00,0.0005,0.001,0.001,0.001,0
US83169A1007,2004-08-02T00:00:00,0.0005,0.0007,0.0007,0.0007,0
US83169A1007,2004-08-03T00:00:00,0.0005,0.0007,0.0007,0.0007,0
US83169A1007,2004-08-05T00:00:00,0.0005,0.0007,0.0007,0.0007,0
US83169A1007,2004-08-09T00:00:00,0.0005,0.0007,0.0007,0.0007,0
US83169A1007,2004-08-12T00:00:00,0.0005,0.0007,0.0007,0.0007,0
US83169A1007,2004-08-13T00:00:00,0.0005,0.0007,0.0007,0.0007,0
US83169A1007,2004-08-16T00:00:00,0.0005,0.0007,0.0007,0.0007,0
US83169A1007,2004-08-17T00:00:00,0.0005,0.0007,0.0007,0.0007,0
US83169A1007,2004-08-18T00:00:00,0.0005,0.0007,0.0007,0.0007,0
US83169A1007,2004-08-23T00:00:00,0.0005,0.0007,0.0007,0.0007,0
US83169A1007,2004-08-25T00:00:00,0.0005,0.0007,0.0007,0.0007,0
US83169A1007,2004-08-26T00:00:00,0.0005,0.0007,0.0007,0.0007,0
US83169A1007,2004-08-27T00:00:00,0.0005,0.0007,0.0007,0.0007,0
US83169A1007,2004-08-31T00:00:00,0.0005,0.0007,0.0007,0.0007,0
US83169A1007,2004-09-02T00:00:00,0.0005,0.0007,0.0007,0.0007,0
US83169A1007,2004-09-03T00:00:00,0.0005,0.0007,0.0007,0.0007,0
US83169A1007,2004-09-07T00:00:00,0.0005,0.0007,0.0007,0.0003,0
US83169A1007,2004-09-08T00:00:00,0.0005,0.0003,0.0003,0.0003,0
US83169A1007,2004-09-09T00:00:00,0.0005,0.0003,0.0003,0.0003,0
US83169A1007,2004-09-10T00:00:00,0.0005,0.0003,0.0003,0.0003,0
US83169A1007,2004-09-13T00:00:00,0.0005,0.0003,0.0003,0.0003,0
US83169A1007,2004-09-15T00:00:00,0.0005,0.0003,0.0003,0.0003,0
US83169A1007,2004-09-16T00:00:00,0.0005,0.0003,0.0003,0.0003,0
US83169A1007,2004-09-21T00:00:00,0.0005,0.0003,0.0003,0.0003,0
US83169A1007,2004-09-24T00:00:00,0.0005,0.0003,0.0003,0.0003,0
US83169A1007,2004-09-27T00:00:00,0.0005,0.0002,0.0003,0.0002,0
US83169A1007,2004-09-29T00:00:00,0.0005,0.0002,0.0003,0.0002,0
US83169A1007,2004-09-30T00:00:00,0.0005,0.0003,0.0003,0.0003,0
US83169A1007,2004-10-01T00:00:00,0.0005,0.0003,0.0003,0.0003,0
US83169A1007,2004-10-05T00:00:00,0.0005,0.0002,0.0002,0.0002,0
US83169A1007,2004-10-07T00:00:00,0.0005,0.0003,0.0003,0.0003,0
US83169A1007,2004-10-08T00:00:00,0.0005,0.0003,0.0003,0.0003,0
US83169A1007,2004-10-11T00:00:00,0.0003,0.0004,0.0004,0.0004,0
US83169A1007,2004-10-12T00:00:00,0.0003,0.0004,0.0004,0.0004,0
US83169A1007,2004-10-13T00:00:00,0.0003,0.0003,0.0003,0.0003,0
US83169A1007,2004-10-14T00:00:00,0.0003,0.0003,0.0003,0.0003,0
US83169A1007,2004-10-15T00:00:00,0.0003,0.0003,0.0003,0.0003,0
US83169A1007,2004-10-18T00:00:00,0.0003,0.0003,0.0003,0.0003,0
US83169A1007,2004-10-19T00:00:00,0.0003,0.0003,0.0003,0.0003,0
US83169A1007,2004-10-21T00:00:00,0.0003,0.0003,0.0003,0.0003,0
US83169A1007,2004-10-22T00:00:00,0.0003,0.0003,0.0003,0.0003,0
US83169A1007,2004-10-25T00:00:00,0.0003,0.0003,0.0003,0.0003,0
US83169A1007,2004-10-29T00:00:00,0.0003,0.0004,0.0004,0.0004,0
US83169A1007,2004-11-01T00:00:00,0.0003,0.0004,0.0004,0.0004,0
US83169A1007,2004-11-02T00:00:00,0.0003,0.0004,0.0004,0.0004,0
US83169A1007,2004-11-04T00:00:00,0.0003,0.0004,0.0004,0.0004,0
US83169A1007,2004-11-05T00:00:00,0.0003,0.0003,0.0003,0.0003,0
US83169A1007,2004-11-08T00:00:00,0.0003,0.0003,0.0003,0.0003,0
US83169A1007,2004-11-09T00:00:00,0.0003,0.0003,0.0003,0.0003,0
US83169A1007,2004-11-10T00:00:00,0.0003,0.0003,0.0003,0.0003,0
US83169A1007,2004-11-11T00:00:00,0.0003,0.0003,0.0003,0.0003,0
US83169A1007,2004-11-16T00:00:00,0.0003,0.0003,0.0003,0.0003,0
US83169A1007,2004-11-18T00:00:00,0.0003,0.0003,0.0003,0.0003,0
US83169A1007,2004-11-22T00:00:00,0.0003,0.0003,0.0003,0.0003,0
US83169A1007,2004-11-23T00:00:00,0.0003,0.0003,0.0003,0.0003,0
US83169A1007,2004-11-24T00:00:00,0.0003,0.0003,0.0003,0.0003,0
US83169A1007,2004-11-25T00:00:00,0.0003,0.0003,0.0003,0.0003,0
US83169A1007,2004-11-30T00:00:00,0.0003,0.0003,0.0003,0.0003,0
US83169A1007,2004-12-01T00:00:00,0.0003,0.0003,0.0003,0.0003,0
US83169A1007,2004-12-02T00:00:00,0.0003,0.0003,0.0003,0.0003,0
US83169A1007,2004-12-03T00:00:00,0.0003,0.0003,0.0003,0.0003,0
US83169A1007,2004-12-06T00:00:00,0.0003,0.0003,0.0003,0.0003,0
US83169A1007,2004-12-07T00:00:00,0.0003,0.0003,0.0003,0.0003,0
US83169A1007,2004-12-08T00:00:00,0.0003,0.0003,0.0003,0.0003,0
US83169A1007,2004-12-09T00:00:00,0.0003,0.0003,0.0003,0.0002,0
US83169A1007,2004-12-10T00:00:00,0.0003,0.0002,0.0002,0.0002,0
US83169A1007,2004-12-14T00:00:00,0.0003,0.0002,0.0002,0.0002,0
US83169A1007,2004-12-15T00:00:00,0.0003,0.0002,0.0002,0.0002,0
US83169A1007,2004-12-16T00:00:00,0.0003,0.0002,0.0002,0.0002,0
US83169A1007,2004-12-17T00:00:00,0.0003,0.0002,0.0002,0.0002,0
US83169A1007,2004-12-20T00:00:00,0.0003,0.0002,0.0002,0.0002,0
US83169A1007,2004-12-21T00:00:00,0.0003,0.0002,0.0002,0.0002,0
US83169A1007,2004-12-22T00:00:00,0.0003,0.0002,0.0002,0.0002,0
US83169A1007,2004-12-23T00:00:00,0.0003,0.0002,0.0002,0.0002,0
US83169A1007,2004-12-24T00:00:00,0.0003,0.0002,0.0002,0.0002,0
US83169A1007,2004-12-27T00:00:00,0.0003,0.0002,0.0002,0.0002,0
US83169A1007,2004-12-28T00:00:00,0.0003,0.0002,0.0002,0.0002,0
US83169A1007,2004-12-29T00:00:00,0.0003,0.0002,0.0002,0.0002,0
US83169A1007,2004-12-30T00:00:00,0.0003,0.0002,0.0002,0.0002,0
US83169A1007,2004-12-31T00:00:00,0.0003,0.0002,0.0002,0.0002,0
US83169A1007,2005-01-04T00:00:00,0.0003,0.0002,0.0002,0.0002,0
US83169A1007,2005-01-10T00:00:00,0.0003,0.0002,0.0002,0.0002,0
US83169A1007,2005-01-12T00:00:00,0.0003,0.0002,0.0002,0.0002,0
US83169A1007,2005-01-13T00:00:00,0.0003,0.0002,0.0002,0.0002,0
US83169A1007,2005-01-14T00:00:00,0.0003,0.0002,0.0002,0.0002,0
US83169A1007,2005-01-19T00:00:00,0.0003,0.0002,0.0002,0.0002,0
US83169A1007,2005-01-20T00:00:00,0.0003,0.0002,0.0002,0.0002,0
US83169A1007,2005-01-24T00:00:00,0.0003,0.0002,0.0002,0.0002,0
US83169A1007,2005-01-28T00:00:00,0.0003,0.0002,0.0002,0.0002,0
US83169A1007,2005-01-31T00:00:00,0.0003,0.0002,0.0002,0.0002,0
US83169A1007,2005-02-03T00:00:00,0.0003,0.0002,0.0002,0.0002,0
US83169A1007,2005-02-07T00:00:00,0.0003,0.0002,0.0002,0.0002,0
US83169A1007,2005-02-08T00:00:00,0.0003,0.0002,0.0002,0.0002,0
US83169A1007,2005-02-09T00:00:00,0.0003,0.0002,0.0002,0.0002,0
US83169A1007,2005-02-11T00:00:00,0.0003,0.0002,0.0002,0.0002,0
US83169A1007,2005-02-14T00:00:00,0.0003,0.0002,0.0002,0.0002,0
US83169A1007,2005-02-15T00:00:00,0.0003,0.0002,0.0002,0.0002,0
US83169A1007,2005-02-16T00:00:00,0.0003,0.0002,0.0002,0.0002,0
US83169A1007,2005-02-17T00:00:00,0.0003,0.0002,0.0002,0.0002,0
US83169A1007,2005-02-18T00:00:00,0.0003,0.0002,0.0002,0.0002,0
US83169A1007,2005-02-23T00:00:00,0.0003,0.0002,0.0002,0.0002,0
US83169A1007,2005-02-25T00:00:00,0.0003,0.0002,0.0002,0.0002,0
US83169A1007,2005-03-01T00:00:00,0.0003,0.0002,0.0002,0.0002,0
US83169A1007,2005-03-08T00:00:00,0.0003,0.0002,0.0002,0.0002,0
US83169A1007,2005-03-10T00:00:00,0.0003,0.0002,0.0002,0.0002,0
US83169A1007,2005-03-11T00:00:00,0.0003,0.0002,0.0002,0.0002,0
US83169A1007,2005-03-14T00:00:00,0.0003,0.0002,0.0002,0.0002,0
US83169A1007,2005-03-22T00:00:00,0.0003,0.0002,0.0002,0.0002,0
US83169A1007,2005-03-24T00:00:00,0.0003,0.0002,0.0002,0.0002,0
US83169A1007,2005-03-28T00:00:00,0.0003,0.0002,0.0002,0.0002,0
US83169A1007,2005-03-29T00:00:00,0.0003,0.0002,0.0002,0.0002,0
US83169A1007,2005-03-31T00:00:00,0.0003,0.0002,0.0002,0.0002,0
US83169A1007,2005-04-05T00:00:00,0.0003,0.0002,0.0002,0.0002,0
US83169A1007,2005-04-06T00:00:00,0.0003,0.0002,0.0002,0.0002,0
US83169A1007,2005-04-07T00:00:00,0.0003,0.0002,0.0002,0.0002,0
US83169A1007,2005-04-11T00:00:00,0.0003,0.0002,0.0002,0.0002,0
US83169A1007,2005-04-12T00:00:00,0.0003,0.0002,0.0002,0.0002,0
US83169A1007,2005-04-13T00:00:00,0.0003,0.0002,0.0002,0.0002,0
US83169A1007,2005-04-14T00:00:00,0.0003,0.0002,0.0002,0.0002,0
US83169A1007,2005-04-15T00:00:00,0.0003,0.0002,0.0002,0.0002,0
US83169A1007,2005-04-19T00:00:00,0.0003,0.0002,0.0002,0.0002,0
US83169A1007,2005-04-20T00:00:00,0.0003,0.0002,0.0002,0.0002,0
US83169A1007,2005-04-21T00:00:00,0.0003,0.0002,0.0002,0.0002,0
US83169A1007,2005-04-22T00:00:00,0.0003,0.0002,0.0002,0.0002,0
US83169A1007,2005-04-26T00:00:00,0.0003,0.0002,0.0002,0.0002,0
US83169A1007,2005-04-29T00:00:00,0.0003,0.0002,0.0002,0.0002,0
US83169A1007,2005-05-02T00:00:00,0.0003,0.0002,0.0002,0.0002,0
US83169A1007,2005-05-10T00:00:00,0.0003,0.0005,0.0005,0.0005,0
US83169A1007,2005-05-11T00:00:00,0.0003,0.0005,0.0005,0.0005,0
US83169A1007,2005-05-13T00:00:00,0.0005,0.0005,0.0005,0.0005,0
US83169A1007,2005-05-16T00:00:00,0.0005,0.0005,0.0005,0.0005,0
US83169A1007,2005-05-19T00:00:00,0.0005,0.0005,0.0005,0.0005,0
US83169A1007,2005-05-20T00:00:00,0.0005,0.0005,0.0005,0.0005,0
US83169A1007,2005-05-23T00:00:00,0.0005,0.0005,0.0005,0.0005,0
US83169A1007,2005-05-24T00:00:00,0.0005,0.0005,0.0005,0.0005,0
US83169A1007,2005-05-31T00:00:00,0.0006,0.0005,0.0005,0.0005,0
US83169A1007,2005-06-02T00:00:00,0.0005,0.0005,0.0005,0.0005,0
US83169A1007,2005-06-06T00:00:00,0.0005,0.0002,0.0002,0.0002,0
US83169A1007,2005-06-07T00:00:00,0.0005,0.0002,0.0002,0.0002,0
US83169A1007,2005-06-08T00:00:00,0.0005,0.0002,0.0002,0.0002,0
US83169A1007,2005-06-09T00:00:00,0.0005,0.0002,0.0002,0.0002,0
US83169A1007,2005-06-13T00:00:00,0.0005,0.0002,0.0002,0.0002,0
US83169A1007,2005-06-14T00:00:00,0.0005,0.0005,0.0005,0.0005,0
US83169A1007,2005-06-15T00:00:00,0.0005,0.0002,0.0002,0.0002,0
US83169A1007,2005-06-16T00:00:00,0.0005,0.0002,0.0002,0.0002,0
US83169A1007,2005-06-17T00:00:00,0.0005,0.0002,0.0002,0.0002,0
US83169A1007,2005-06-20T00:00:00,0.0005,0.0002,0.0002,0.0002,0
US83169A1007,2005-06-23T00:00:00,0.0005,0.0002,0.0002,0.0002,0
US83169A1007,2005-06-24T00:00:00,0.0005,0.0002,0.0002,0.0002,0
US83169A1007,2005-06-27T00:00:00,0.0005,0.0002,0.0002,0.0002,0
US83169A1007,2005-06-28T00:00:00,0.0005,0.0002,0.0002,0.0002,0
US83169A1007,2005-06-29T00:00:00,0.0004,0.0002,0.0002,0.0002,0
US83169A1007,2005-06-30T00:00:00,0.0004,0.0002,0.0002,0.0002,0
US83169A1007,2005-07-05T00:00:00,0.0008,0.0002,0.0002,0.0002,0
US83169A1007,2005-07-07T00:00:00,0.0004,0.0002,0.0002,0.0002,0
US83169A1007,2005-07-08T00:00:00,0.0004,0.0002,0.0002,0.0002,0
US83169A1007,2005-07-14T00:00:00,0.0004,0.0002,0.0002,0.0002,0
US83169A1007,2005-07-15T00:00:00,0.0004,0.0002,0.0002,0.0002,0
US83169A1007,2005-07-18T00:00:00,0.0004,0.0002,0.0002,0.0002,0
US83169A1007,2005-07-19T00:00:00,0.0004,0.0002,0.0002,0.0002,0
US83169A1007,2005-07-20T00:00:00,0.0004,0.0002,0.0002,0.0002,0
US83169A1007,2005-07-21T00:00:00,0.0004,0.0002,0.0002,0.0002,0
US83169A1007,2005-07-25T00:00:00,0.0004,0.0002,0.0002,0.0002,0
US83169A1007,2005-07-26T00:00:00,0.0004,0.0002,0.0002,0.0002,0
US83169A1007,2005-07-27T00:00:00,0.0008,0.0002,0.0002,0.0002,0
US83169A1007,2005-07-28T00:00:00,0.0006,0.0002,0.0002,0.0002,0
US83169A1007,2005-08-01T00:00:00,0.0006,0.0002,0.0002,0.0002,0
US83169A1007,2005-08-03T00:00:00,0.0006,0.0002,0.0002,0.0002,0
US83169A1007,2005-08-08T00:00:00,0.0006,0.0002,0.0002,0.0002,0
US83169A1007,2005-08-09T00:00:00,0.0006,0.0002,0.0002,0.0002,0
US83169A1007,2005-08-10T00:00:00,0.0006,0.0002,0.0002,0.0002,0
US83169A1007,2005-08-11T00:00:00,0.0006,0.0002,0.0002,0.0002,0
US83169A1007,2005-08-15T00:00:00,0.0006,0.0002,0.0002,0.0002,0
US83169A1007,2005-08-17T00:00:00,0.0006,0.0002,0.0002,0.0002,0
US83169A1007,2005-08-18T00:00:00,0.0006,0.0002,0.0002,0.0002,0
US83169A1007,2005-08-23T00:00:00,0.0006,0.0002,0.0002,0.0002,0
US83169A1007,2005-08-25T00:00:00,0.0006,0.0002,0.0002,0.0002,0
US83169A1007,2005-08-26T00:00:00,0.0006,0.0002,0.0002,0.0001,0
US83169A1007,2005-08-30T00:00:00,0.0006,0.0002,0.0002,0.0001,0
US83169A1007,2005-08-31T00:00:00,0.0006,0.0001,0.0001,0.0001,0
US83169A1007,2005-09-02T00:00:00,0.0006,0.0001,0.0001,0.0001,0
US83169A1007,2005-09-07T00:00:00,0.0001,0.0001,0.0001,0.0001,0
US83169A1007,2005-09-12T00:00:00,0.0006,0.0001,0.0001,0.0001,0
US83169A1007,2005-09-13T00:00:00,0.0006,0.0001,0.0001,0.0001,0
US83169A1007,2005-09-14T00:00:00,0.0006,0.0001,0.0001,0.0001,0
US83169A1007,2005-09-15T00:00:00,0.0006,0.0001,0.0001,0.0001,0
US83169A1007,2005-09-16T00:00:00,0.0006,0.0001,0.0001,0.0001,0
US83169A1007,2005-09-19T00:00:00,0.0006,0.0001,0.0001,0.0001,0
US83169A1007,2005-09-21T00:00:00,0.0006,0.0001,0.0001,0.0001,0
US83169A1007,2005-09-22T00:00:00,0.0006,0.0001,0.0001,0.0001,0
US83169A1007,2005-09-26T00:00:00,0.0006,0.0001,0.0001,0.0001,0
US83169A1007,2005-09-27T00:00:00,0.0006,0.0001,0.0001,0.0001,0
US83169A1007,2005-09-29T00:00:00,0.0006,0.0001,0.0001,0.0001,0
US83169A1007,2005-10-03T00:00:00,0.0003,0.0001,0.0001,0.0001,0
US83169A1007,2005-10-04T00:00:00,0.0003,0.0001,0.0001,0.0001,0
US83169A1007,2005-10-05T00:00:00,0.0003,0.0001,0.0001,0.0001,0
US83169A1007,2005-10-07T00:00:00,0.0003,0.0001,0.0001,0.0001,0
US83169A1007,2005-10-13T00:00:00,0.0003,0.0001,0.0001,0.0001,0
US83169A1007,2005-10-17T00:00:00,0.0003,0.0001,0.0001,0.0001,0
US83169A1007,2005-10-18T00:00:00,0.0003,0.0001,0.0001,0.0001,0
US83169A1007,2005-10-19T00:00:00,0.0003,0.0001,0.0001,0.0001,0
US83169A1007,2005-10-24T00:00:00,0.0003,0.0001,0.0001,0.0001,0
US83169A1007,2005-10-26T00:00:00,0.0003,0.0001,0.0001,0.0001,0
US83169A1007,2005-10-27T00:00:00,0.0003,0.0001,0.0001,0.0001,0
US83169A1007,2005-10-31T00:00:00,0.0003,0.0001,0.0001,0.0001,0
US83169A1007,2005-11-01T00:00:00,0.0003,0.0001,0.0001,0.0001,0
US83169A1007,2005-11-04T00:00:00,0.0003,0.0001,0.0001,0.0001,0
US83169A1007,2005-11-07T00:00:00,0.0003,0.0001,0.0001,0.0001,0
US83169A1007,2005-11-08T00:00:00,0.0003,0.0001,0.0001,0.0001,0
US83169A1007,2005-11-09T00:00:00,0.0003,0.0001,0.0001,0.0001,0
US83169A1007,2005-11-10T00:00:00,0.0003,0.0001,0.0001,0.0001,0
US83169A1007,2005-11-14T00:00:00,0.0003,0.0001,0.0001,0.0001,0
US83169A1007,2005-11-15T00:00:00,0.0003,0.0001,0.0001,0.0001,0
US83169A1007,2005-11-16T00:00:00,0.0003,0.0001,0.0001,0.0001,0
US83169A1007,2005-11-17T00:00:00,0.0003,0.0001,0.0001,0.0001,0
US83169A1007,2005-11-18T00:00:00,0.0003,0.0001,0.0001,0.0001,0
US83169A1007,2005-11-21T00:00:00,0.0003,0.0001,0.0001,0.0001,0
US83169A1007,2005-11-22T00:00:00,0.0003,0.0001,0.0001,0.0001,0
US83169A1007,2005-11-25T00:00:00,0.0003,0.0001,0.0001,0.0001,0
US83169A1007,2005-11-29T00:00:00,0.0003,0.0001,0.0001,0.0001,0
US83169A1007,2005-11-30T00:00:00,0.0003,0.0001,0.0001,0.0001,0
US83169A1007,2005-12-01T00:00:00,0.0003,0.0002,0.0002,0.0002,0
US83169A1007,2005-12-02T00:00:00,0.0003,0.0005,0.0005,0.0005,0
US83169A1007,2005-12-05T00:00:00,0.0007,0.0007,0.0007,0.0007,0
US83169A1007,2005-12-06T00:00:00,0.0004,0.0007,0.0007,0.0007,0
US83169A1007,2005-12-07T00:00:00,0.0004,0.0007,0.0007,0.0007,0
US83169A1007,2005-12-08T00:00:00,0.0004,0.0007,0.0007,0.0007,0
US83169A1007,2005-12-09T00:00:00,0.0004,0.0007,0.0007,0.0007,0
US83169A1007,2005-12-12T00:00:00,0.0001,0.0007,0.0007,0.0007,0
US83169A1007,2005-12-13T00:00:00,0.0004,0.0007,0.0007,0.0007,0
US83169A1007,2005-12-14T00:00:00,0.0004,0.0007,0.0007,0.0007,0
US83169A1007,2005-12-16T00:00:00,0.0004,0.0007,0.0007,0.0007,0
US83169A1007,2005-12-19T00:00:00,0.0004,0.0007,0.0007,0.0007,0
US83169A1007,2005-12-21T00:00:00,0.0004,0.0007,0.0007,0.0007,0
US83169A1007,2005-12-23T00:00:00,0.0004,0.0007,0.0007,0.0007,0
US83169A1007,2005-12-27T00:00:00,0.0004,0.0007,0.0007,0.0007,0
US83169A1007,2005-12-28T00:00:00,0.0004,0.0007,0.0007,0.0007,0
US83169A1007,2005-12-29T00:00:00,0.0004,0.0007,0.0007,0.0007,0
US83169A1007,2005-12-30T00:00:00,0.0004,0.0007,0.0007,0.0007,0
US83169A1007,2006-01-03T00:00:00,0.0004,0.0007,0.0007,0.0007,0
US83169A1007,2006-01-04T00:00:00,0.0004,0.0007,0.0007,0.0007,0
US83169A1007,2006-01-05T00:00:00,0.0004,0.0007,0.0007,0.0007,0
US83169A1007,2006-01-06T00:00:00,0.0004,0.0007,0.0007,0.0007,0
US83169A1007,2006-01-09T00:00:00,0.0004,0.0007,0.0007,0.0007,0
US83169A1007,2006-01-10T00:00:00,0.0004,0.0007,0.0007,0.0007,0
US83169A1007,2006-01-12T00:00:00,0.0004,0.0007,0.0007,0.0007,0
US83169A1007,2006-01-13T00:00:00,0.0007,0.0007,0.0007,0.0007,0
US83169A1007,2006-01-17T00:00:00,0.0004,0.0007,0.0007,0.0007,0
US83169A1007,2006-01-18T00:00:00,0.0004,0.0007,0.0007,0.0007,0
US83169A1007,2006-01-19T00:00:00,0.0004,0.0007,0.0007,0.0007,0
US83169A1007,2006-01-20T00:00:00,0.0004,0.0007,0.0007,0.0007,0
US83169A1007,2006-01-23T00:00:00,0.0004,0.0007,0.0007,0.0007,0
US83169A1007,2006-01-24T00:00:00,0.0004,0.0007,0.0007,0.0007,0
US83169A1007,2006-01-25T00:00:00,0.0004,0.0007,0.0007,0.0007,0
US83169A1007,2006-01-26T00:00:00,0.0004,0.0007,0.0007,0.0007,0
US83169A1007,2006-01-30T00:00:00,0.0004,0.0007,0.0007,0.0007,0
US83169A1007,2006-02-01T00:00:00,0.0004,0.0007,0.0007,0.0007,0
US83169A1007,2006-02-03T00:00:00,0.0004,0.0007,0.0007,0.0007,0
US83169A1007,2006-02-06T00:00:00,0.0004,0.0007,0.0007,0.0007,0
US83169A1007,2006-02-07T00:00:00,0.0004,0.0007,0.0007,0.0007,0
US83169A1007,2006-02-13T00:00:00,0.0004,0.0007,0.0007,0.0007,0
US83169A1007,2006-02-14T00:00:00,0.0004,0.0007,0.0007,0.0007,0
US83169A1007,2006-02-15T00:00:00,0.0004,0.0007,0.0007,0.0007,0
US83169A1007,2006-02-16T00:00:00,0.0004,0.0005,0.0005,0.0005,0
US83169A1007,2006-02-17T00:00:00,0.0004,0.0005,0.0005,0.0005,0
US83169A1007,2006-02-22T00:00:00,0.0004,0.0005,0.0005,0.0005,0
US83169A1007,2006-02-24T00:00:00,0.0004,0.0005,0.0005,0.0005,0
US83169A1007,2006-02-27T00:00:00,0.0004,0.0005,0.0005,0.0005,0
US83169A1007,2006-03-02T00:00:00,0.0004,0.0005,0.0005,0.0005,0
US83169A1007,2006-03-03T00:00:00,0.0004,0.0005,0.0005,0.0005,0
US83169A1007,2006-03-06T00:00:00,0.0004,0.0005,0.0005,0.0005,0
US83169A1007,2006-03-09T00:00:00,0.0004,0.0005,0.0005,0.0005,0
US83169A1007,2006-03-10T00:00:00,0.0004,0.0005,0.0005,0.0005,0
US83169A1007,2006-03-13T00:00:00,0.0004,0.0005,0.0005,0.0005,0
US83169A1007,2006-03-14T00:00:00,0.0004,0.0005,0.0005,0.0005,0
US83169A1007,2006-03-20T00:00:00,0.0004,0.0005,0.0005,0.0005,0
US83169A1007,2006-03-23T00:00:00,0.0007,0.0005,0.0005,0.0005,0
US83169A1007,2006-03-27T00:00:00,0.0006,0.0005,0.0005,0.0005,0
US83169A1007,2006-03-30T00:00:00,0.0006,0.0005,0.0005,0.0005,0
US83169A1007,2006-03-31T00:00:00,0.0006,0.0005,0.0005,0.0005,0
US83169A1007,2006-04-03T00:00:00,0.0007,0.0005,0.0005,0.0005,0
US83169A1007,2006-04-04T00:00:00,0.0006,0.0005,0.0005,0.0005,0
US83169A1007,2006-04-05T00:00:00,0.0006,0.001,0.0013,0.0005,0
US83169A1007,2006-04-07T00:00:00,0.0006,0.001,0.0013,0.0005,0
US83169A1007,2006-04-10T00:00:00,0.0006,0.001,0.0013,0.0005,0
US83169A1007,2006-04-11T00:00:00,0.0009,0.001,0.0013,0.0005,0
US83169A1007,2006-04-12T00:00:00,0.0009,0.0005,0.0005,0.0005,0
US83169A1007,2006-04-17T00:00:00,0.0006,0.0005,0.0005,0.0005,0
US83169A1007,2006-04-18T00:00:00,0.0006,0.0005,0.0005,0.0005,0
US83169A1007,2006-04-19T00:00:00,0.0006,0.0005,0.0005,0.0005,0
US83169A1007,2006-04-20T00:00:00,0.0006,0.0005,0.0005,0.0005,0
US83169A1007,2006-04-21T00:00:00,0.0006,0.0005,0.0005,0.0005,0
US83169A1007,2006-04-24T00:00:00,0.0006,0.0005,0.0005,0.0005,0
US83169A1007,2006-04-25T00:00:00,0.0006,0.0005,0.0005,0.0005,0
US83169A1007,2006-04-26T00:00:00,0.0006,0.0005,0.0005,0.0005,0
US83169A1007,2006-04-27T00:00:00,0.0006,0.0005,0.0005,0.0005,0
US83169A1007,2006-04-28T00:00:00,0.0009,0.0005,0.0005,0.0005,0
US83169A1007,2006-05-01T00:00:00,0.0008,0.0005,0.0005,0.0005,0
US83169A1007,2006-05-03T00:00:00,0.0006,0.0005,0.0005,0.0005,0
US83169A1007,2006-05-09T00:00:00,0.0006,0.0005,0.0005,0.0005,0
US83169A1007,2006-05-10T00:00:00,0.0006,0.0005,0.0005,0.0005,0
US83169A1007,2006-05-11T00:00:00,0.0006,0.0005,0.0005,0.0005,0
US83169A1007,2006-05-12T00:00:00,0.0006,0.0005,0.0005,0.0005,0
US83169A1007,2006-05-15T00:00:00,0.0006,0.0005,0.0005,0.0005,0
US83169A1007,2006-05-18T00:00:00,0.0006,0.0001,0.0001,0.0001,0
US83169A1007,2006-05-19T00:00:00,0.0006,0.0001,0.0001,0.0001,0
US83169A1007,2006-05-23T00:00:00,0.0006,0.0001,0.0001,0.0001,0
US83169A1007,2006-05-25T00:00:00,0.0006,0.0001,0.0001,0.0001,0
US83169A1007,2006-05-26T00:00:00,0.0009,0.0001,0.0001,0.0001,0
US83169A1007,2006-05-30T00:00:00,0.0012,0.0001,0.0001,0.0001,0
US83169A1007,2006-05-31T00:00:00,0.0012,0.0001,0.0001,0.0001,0
US83169A1007,2006-06-01T00:00:00,0.0012,0.0001,0.0001,0.0001,0
US83169A1007,2006-06-06T00:00:00,0.0012,0.0001,0.0001,0.0001,0
US83169A1007,2006-06-07T00:00:00,0.0012,0.0001,0.0001,0.0001,0
US83169A1007,2006-06-08T00:00:00,0.0012,0.0001,0.0001,0.0001,0
US83169A1007,2006-06-09T00:00:00,0.001,0.0001,0.0001,0.0001,0
US83169A1007,2006-06-12T00:00:00,0.001,0.0001,0.0001,0.0001,0
US83169A1007,2006-06-14T00:00:00,0.0008,0.0001,0.0001,0.0001,0
US83169A1007,2006-06-15T00:00:00,0.0008,0.0001,0.0001,0.0001,0
US83169A1007,2006-06-16T00:00:00,0.0008,0.0001,0.0001,0.0001,0
US83169A1007,2006-06-19T00:00:00,0.0007,0.0001,0.0001,0.0001,0
US83169A1007,2006-06-20T00:00:00,0.0007,0.0001,0.0001,0.0001,0
US83169A1007,2006-06-21T00:00:00,0.0007,0.0001,0.0001,0.0001,0
US83169A1007,2006-06-29T00:00:00,0.0007,0.0001,0.0001,0.0001,0
US83169A1007,2006-06-30T00:00:00,0.0007,0.0001,0.0001,0.0001,0
US83169A1007,2006-07-03T00:00:00,0.0007,0.0001,0.0001,0.0001,0
US83169A1007,2006-07-05T00:00:00,0.0007,0.0001,0.0001,0.0001,0
US83169A1007,2006-07-11T00:00:00,0.0007,0.0001,0.0001,0.0001,0
US83169A1007,2006-07-17T00:00:00,0.0009,0.0001,0.0001,0.0001,0
US83169A1007,2006-07-18T00:00:00,0.0009,0.0001,0.0001,0.0001,0
US83169A1007,2006-07-21T00:00:00,0.0007,0.0001,0.0001,0.0001,0
US83169A1007,2006-07-24T00:00:00,0.0007,0.0001,0.0013,0.0001,0
US83169A1007,2006-07-25T00:00:00,0.0007,0.0001,0.0013,0.0001,0
US83169A1007,2006-07-27T00:00:00,0.0007,0.0001,0.0013,0.0001,0
US83169A1007,2006-07-28T00:00:00,0.0007,0.0001,0.0013,0.0001,0
US83169A1007,2006-07-31T00:00:00,0.0007,0.0001,0.0001,0.0001,0
US83169A1007,2006-08-03T00:00:00,0.0007,0.0001,0.0001,0.0001,0
US83169A1007,2006-08-04T00:00:00,0.0007,0.0001,0.0001,0.0001,0
US83169A1007,2006-08-09T00:00:00,0.0007,0.0001,0.0001,0.0001,0
US83169A1007,2006-08-10T00:00:00,0.0007,0.0001,0.0001,0.0001,0
US83169A1007,2006-08-14T00:00:00,0.0007,0.0001,0.0001,0.0001,0
US83169A1007,2006-08-15T00:00:00,0.0007,0.0001,0.0001,0.0001,0
US83169A1007,2006-08-17T00:00:00,0.0007,0.0001,0.0001,0.0001,0
US83169A1007,2006-08-18T00:00:00,0.0007,0.0001,0.0001,0.0001,0
US83169A1007,2006-08-21T00:00:00,0.0009,0.0001,0.0001,0.0001,0
US83169A1007,2006-08-22T00:00:00,0.0009,0.0001,0.0001,0.0001,0
US83169A1007,2006-08-28T00:00:00,0.0009,0.0001,0.0001,0.0001,0
US83169A1007,2006-08-29T00:00:00,0.0009,0.0001,0.0001,0.0001,0
US83169A1007,2006-08-30T00:00:00,0.0009,0.0001,0.0001,0.0001,0
US83169A1007,2006-08-31T00:00:00,0.0009,0.0001,0.0001,0.0001,0
US83169A1007,2006-09-06T00:00:00,0.0009,0.0001,0.0001,0.0001,0
US83169A1007,2006-09-07T00:00:00,0.0009,0.0001,0.0001,0.0001,0
US83169A1007,2006-09-13T00:00:00,0.0009,0.0001,0.0001,0.0001,0
US83169A1007,2006-09-14T00:00:00,0.0009,0.0001,0.0001,0.0001,0
US83169A1007,2006-09-15T00:00:00,0.0009,0.0001,0.0001,0.0001,0
US83169A1007,2006-09-18T00:00:00,0.0009,0.0001,0.0001,0.0001,0
US83169A1007,2006-09-19T00:00:00,0.0009,0.0001,0.0001,0.0001,0
US83169A1007,2006-09-21T00:00:00,0.0009,0.0001,0.0001,0.0001,0
US83169A1007,2006-09-28T00:00:00,0.0009,0.0001,0.0001,0.0001,0
US83169A1007,2006-09-29T00:00:00,0.0009,0.0001,0.0001,0.0001,0
US83169A1007,2006-10-02T00:00:00,0.0009,0.0001,0.0001,0.0001,0
US83169A1007,2006-10-03T00:00:00,0.0009,0.0013,0.0013,0.0013,0
US83169A1007,2006-10-04T00:00:00,0.0009,0.0013,0.0013,0.0013,0
US83169A1007,2006-10-09T00:00:00,0.0009,0.002,0.002,0.002,0
US83169A1007,2006-10-12T00:00:00,0.0009,0.0001,0.0001,0.0001,0
US83169A1007,2006-10-13T00:00:00,0.0009,0.0001,0.0001,0.0001,0
US83169A1007,2006-10-17T00:00:00,0.0009,0.0001,0.0001,0.0001,0
US83169A1007,2006-10-19T00:00:00,0.0009,0.0001,0.0001,0.0001,0
US83169A1007,2006-10-20T00:00:00,0.0009,0.0001,0.0001,0.0001,0
US83169A1007,2006-10-23T00:00:00,0.0009,0.0001,0.0001,0.0001,0
US83169A1007,2006-10-25T00:00:00,0.0009,0.0001,0.0001,0.0001,0
US83169A1007,2006-10-26T00:00:00,0.0009,0.0001,0.0001,0.0001,0
US83169A1007,2006-10-27T00:00:00,0.0009,0.0001,0.0001,0.0001,0
US83169A1007,2006-10-30T00:00:00,0.0009,0.0001,0.0001,0.0001,0
US83169A1007,2006-11-01T00:00:00,0.0009,0.0001,0.0001,0.0001,0
US83169A1007,2006-11-02T00:00:00,0.0009,0.0001,0.0001,0.0001,0
US83169A1007,2006-11-06T00:00:00,0.0009,0.0001,0.0001,0.0001,0
US83169A1007,2006-11-08T00:00:00,0.0009,0.0001,0.0001,0.0001,0
US83169A1007,2006-11-13T00:00:00,0.0009,0.0001,0.0001,0.0001,0
US83169A1007,2006-11-14T00:00:00,0.0009,0.0001,0.0001,0.0001,0
US83169A1007,2006-11-15T00:00:00,0.0009,0.0001,0.0001,0.0001,0
US83169A1007,2006-11-20T00:00:00,0.0009,0.0001,0.0001,0.0001,0
US83169A1007,2006-11-29T00:00:00,0.0009,0.0001,0.0001,0.0001,0
US83169A1007,2006-12-01T00:00:00,0.0009,0.0001,0.0001,0.0001,0
US83169A1007,2006-12-04T00:00:00,0.0009,0.0001,0.0001,0.0001,0
US83169A1007,2006-12-07T00:00:00,0.0009,0.0001,0.0001,0.0001,0
US83169A1007,2006-12-08T00:00:00,0.0009,0.0001,0.0001,0.0001,0
US83169A1007,2006-12-11T00:00:00,0.0009,0.0001,0.0001,0.0001,0
US83169A1007,2006-12-12T00:00:00,0.0009,0.0001,0.0001,0.0001,0
US83169A1007,2006-12-15T00:00:00,0.0009,0.0001,0.0001,0.0001,0
US83169A1007,2006-12-18T00:00:00,0.0009,0.0001,0.0001,0.0001,0
US83169A1007,2006-12-20T00:00:00,0.0007,0.0001,0.0001,0.0001,0
US83169A1007,2006-12-21T00:00:00,0.0007,0.0001,0.0001,0.0001,0
US83169A1007,2006-12-22T00:00:00,0.0007,0.0001,0.0001,0.0001,0
US83169A1007,2006-12-26T00:00:00,0.0007,0.0001,0.0001,0.0001,0
US83169A1007,2006-12-28T00:00:00,0.0007,0.0001,0.0001,0.0001,0
US83169A1007,2006-12-29T00:00:00,0.0007,0.0001,0.0001,0.0001,0
US83169A1007,2007-01-09T00:00:00,0.0007,0.0001,0.0001,0.0001,0
US83169A1007,2007-01-10T00:00:00,0.0007,0.0001,0.0001,0.0001,0
US83169A1007,2007-01-11T00:00:00,0.0007,0.0001,0.0001,0.0001,0
US83169A1007,2007-01-12T00:00:00,0.0007,0.0001,0.0001,0.0001,0
US83169A1007,2007-01-17T00:00:00,0.0007,0.0001,0.0001,0.0001,0
US83169A1007,2007-01-18T00:00:00,0.0007,0.0001,0.0001,0.0001,0
US83169A1007,2007-01-22T00:00:00,0.0007,0.0001,0.0001,0.0001,0
US83169A1007,2007-01-23T00:00:00,0.0007,0.0001,0.0001,0.0001,0
US83169A1007,2007-01-24T00:00:00,0.0007,0.0001,0.0001,0.0001,0
US83169A1007,2007-01-26T00:00:00,0.0007,0.0001,0.0001,0.0001,0
US83169A1007,2007-01-29T00:00:00,0.0007,0.0001,0.0001,0.0001,0
US83169A1007,2007-01-30T00:00:00,0.0007,0.0001,0.0001,0.0001,0
US83169A1007,2007-02-01T00:00:00,0.0007,0.0001,0.0001,0.0001,0
US83169A1007,2007-02-07T00:00:00,0.0007,0.0001,0.0001,0.0001,0
US83169A1007,2007-02-08T00:00:00,0.0007,0.0001,0.0001,0.0001,0
US83169A1007,2007-02-09T00:00:00,0.0007,0.0001,0.0001,0.0001,0
US83169A1007,2007-02-12T00:00:00,0.0007,0.0001,0.0001,0.0001,0
US83169A1007,2007-02-13T00:00:00,0.0007,0.0001,0.0001,0.0001,0
US83169A1007,2007-02-14T00:00:00,0.0007,0.0001,0.0001,0.0001,0
US83169A1007,2007-02-16T00:00:00,0.0007,0.0001,0.0001,0.0001,0
US83169A1007,2007-02-20T00:00:00,0.0007,0.0001,0.0001,0.0001,0
US83169A1007,2007-02-21T00:00:00,0.0007,0.0001,0.0001,0.0001,0
US83169A1007,2007-02-22T00:00:00,0.0007,0.0001,0.0001,0.0001,0
US83169A1007,2007-02-23T00:00:00,0.0007,0.0001,0.0001,0.0001,0
US83169A1007,2007-02-26T00:00:00,0.0007,0.0001,0.0001,0.0001,0
US83169A1007,2007-02-28T00:00:00,0.0007,0.0001,0.0001,0.0001,0
US83169A1007,2007-03-01T00:00:00,0.0007,0.0001,0.0001,0.0001,0
US83169A1007,2007-03-05T00:00:00,0.001,0.0001,0.0001,0.0001,0
US83169A1007,2007-03-06T00:00:00,0.001,0.0001,0.0001,0.0001,0
US83169A1007,2007-03-07T00:00:00,0.001,0.0001,0.0001,0.0001,0
US83169A1007,2007-03-12T00:00:00,0.001,0.0001,0.0001,0.0001,0
US83169A1007,2007-03-13T00:00:00,0.001,0.0001,0.0001,0.0001,0
US83169A1007,2007-03-14T00:00:00,0.001,0.0001,0.0001,0.0001,0
US83169A1007,2007-03-16T00:00:00,0.001,0.0001,0.0001,0.0001,0
US83169A1007,2007-03-20T00:00:00,0.001,0.0001,0.0001,0.0001,0
US83169A1007,2007-03-21T00:00:00,0.001,0.0001,0.0001,0.0001,0
US83169A1007,2007-03-26T00:00:00,0.001,0.0001,0.0001,0.0001,0
US83169A1007,2007-03-27T00:00:00,0.001,0.0001,0.0001,0.0001,0
US83169A1007,2007-03-28T00:00:00,0.001,0.0001,0.0001,0.0001,0
US83169A1007,2007-03-29T00:00:00,0.001,0.0001,0.0001,0.0001,0
US83169A1007,2007-03-30T00:00:00,0.001,0.0001,0.0001,0.0001,0
US83169A1007,2007-04-02T00:00:00,0.001,0.0001,0.0001,0.0001,0
US83169A1007,2007-04-03T00:00:00,0.001,0.0001,0.0001,0.0001,0
US83169A1007,2007-04-09T00:00:00,0.001,0.0001,0.0001,0.0001,0
US83169A1007,2007-04-10T00:00:00,0.001,0.0001,0.0001,0.0001,0
US83169A1007,2007-04-11T00:00:00,0.001,0.0001,0.0001,0.0001,0
US83169A1007,2007-04-12T00:00:00,0.001,0.0001,0.0001,0.0001,0
US83169A1007,2007-04-13T00:00:00,0.001,0.0001,0.0001,0.0001,0
US83169A1007,2007-04-16T00:00:00,0.001,0.0001,0.0001,0.0001,0
US83169A1007,2007-04-17T00:00:00,0.003,0.0001,0.0001,0.0001,0
US83169A1007,2007-04-18T00:00:00,0.0025,0.0001,0.0001,0.0001,0
US83169A1007,2007-04-19T00:00:00,0.003,0.0001,0.0001,0.0001,0
US83169A1007,2007-04-20T00:00:00,0.002,0.0001,0.0001,0.0001,0
US83169A1007,2007-04-23T00:00:00,0.002,0.0001,0.0001,0.0001,0
US83169A1007,2007-04-24T00:00:00,0.0015,0.0001,0.0001,0.0001,0
US83169A1007,2007-04-25T00:00:00,0.0015,0.0001,0.0001,0.0001,0
US83169A1007,2007-04-26T00:00:00,0.0015,0.0001,0.0001,0.0001,0
US83169A1007,2007-04-27T00:00:00,0.0015,0.0001,0.0001,0.0001,0
US83169A1007,2007-05-01T00:00:00,0.0015,0.0001,0.0001,0.0001,0
US83169A1007,2007-05-02T00:00:00,0.0015,0.0001,0.0001,0.0001,0
US83169A1007,2007-05-03T00:00:00,0.0015,0.0001,0.0001,0.0001,0
US83169A1007,2007-05-04T00:00:00,0.0015,0.0001,0.0001,0.0001,0
US83169A1007,2007-05-07T00:00:00,0.0015,0.0001,0.0001,0.0001,0
US83169A1007,2007-05-08T00:00:00,0.0015,0.0001,0.0001,0.0001,0
US83169A1007,2007-05-09T00:00:00,0.0015,0.0001,0.0001,0.0001,0
US83169A1007,2007-05-10T00:00:00,0.0015,0.0001,0.0001,0.0001,0
US83169A1007,2007-05-14T00:00:00,0.0015,0.0001,0.0001,0.0001,0
US83169A1007,2007-05-15T00:00:00,0.0015,0.0001,0.0001,0.0001,0
US83169A1007,2007-05-16T00:00:00,0.0015,0.0001,0.0001,0.0001,0
US83169A1007,2007-05-18T00:00:00,0.0015,0.0001,0.0001,0.0001,0
US83169A1007,2007-05-21T00:00:00,0.0015,0.0001,0.0001,0.0001,0
US83169A1007,2007-05-23T00:00:00,0.0015,0.0001,0.0001,0.0001,0
US83169A1007,2007-05-29T00:00:00,0.0015,0.0001,0.0001,0.0001,0
US83169A1007,2007-05-30T00:00:00,0.0015,0.0001,0.0001,0.0001,0
US83169A1007,2007-06-04T00:00:00,0.0015,0.0001,0.0001,0.0001,0
US83169A1007,2007-06-05T00:00:00,0.0015,0.0001,0.0001,0.0001,0
US83169A1007,2007-06-06T00:00:00,0.0015,0.0001,0.0001,0.0001,0
US83169A1007,2007-06-08T00:00:00,0.0015,0.0001,0.0001,0.0001,0
US83169A1007,2007-06-15T00:00:00,0.0015,0.0001,0.0001,0.0001,0
US83169A1007,2007-06-19T00:00:00,0.0015,0.0001,0.0001,0.0001,0
US83169A1007,2007-06-21T00:00:00,0.0015,0.0001,0.0001,0.0001,0
US83169A1007,2007-06-25T00:00:00,0.0015,0.0001,0.0001,0.0001,0
US83169A1007,2007-06-26T00:00:00,0.0015,0.0001,0.0001,0.0001,0
US83169A1007,2007-06-29T00:00:00,0.0015,0.0001,0.0001,0.0001,0
US83169A1007,2007-07-03T00:00:00,0.0015,0.0001,0.0001,0.0001,0
US83169A1007,2007-07-05T00:00:00,0.0015,0.0001,0.0001,0.0001,0
US83169A1007,2007-07-06T00:00:00,0.0015,0.0001,0.0001,0.0001,0
US83169A1007,2007-07-10T00:00:00,0.0015,0.0001,0.0001,0.0001,0
US83169A1007,2007-07-12T00:00:00,0.0015,0.0001,0.0001,0.0001,0
US83169A1007,2007-07-16T00:00:00,0.0015,0.0001,0.0001,0.0001,0
US83169A1007,2007-07-17T00:00:00,0.0015,0.0001,0.0001,0.0001,0
US83169A1007,2007-07-19T00:00:00,0.0015,0.0001,0.0001,0.0001,0
US83169A1007,2007-07-20T00:00:00,0.0015,0.0001,0.0001,0.0001,0
US83169A1007,2007-07-23T00:00:00,0.002,0.0001,0.0001,0.0001,0
US83169A1007,2007-07-24T00:00:00,0.002,0.0001,0.0001,0.0001,0
US83169A1007,2007-08-01T00:00:00,0.0015,0.0001,0.0001,0.0001,0
US83169A1007,2007-08-02T00:00:00,0.0015,0.0001,0.0001,0.0001,0
US83169A1007,2007-08-06T00:00:00,0.001,0.0001,0.0001,0.0001,0
US83169A1007,2007-08-07T00:00:00,0.001,0.0001,0.0001,0.0001,0
US83169A1007,2007-08-08T00:00:00,0.001,0.0001,0.0001,0.0001,0
US83169A1007,2007-08-10T00:00:00,0.001,0.0001,0.0001,0.0001,0
US83169A1007,2007-08-13T00:00:00,0.001,0.002,0.002,0.002,0
US83169A1007,2007-08-16T00:00:00,0.001,0.002,0.002,0.002,0
US83169A1007,2007-08-21T00:00:00,0.001,0.0001,0.0001,0.0001,0
US83169A1007,2007-08-22T00:00:00,0.001,0.0001,0.0001,0.0001,0
US83169A1007,2007-08-24T00:00:00,0.001,0.002,0.002,0.002,0
US83169A1007,2007-08-28T00:00:00,0.001,0.002,0.002,0.002,0
US83169A1007,2007-08-29T00:00:00,0.001,0.002,0.002,0.002,0
US83169A1007,2007-08-30T00:00:00,0.001,0.002,0.002,0.002,0
US83169A1007,2007-09-05T00:00:00,0.001,0.0001,0.0001,0.0001,0
US83169A1007,2007-09-06T00:00:00,0.001,0.0001,0.0001,0.0001,0
US83169A1007,2007-09-10T00:00:00,0.0008,0.0001,0.0001,0.0001,0
US83169A1007,2007-09-11T00:00:00,0.0008,0.0001,0.0001,0.0001,0
US83169A1007,2007-09-14T00:00:00,0.0008,0.0001,0.0001,0.0001,0
US83169A1007,2007-09-17T00:00:00,0.0008,0.0001,0.0001,0.0001,0
US83169A1007,2007-09-18T00:00:00,0.0008,0.0001,0.0001,0.0001,0
US83169A1007,2007-09-19T00:00:00,0.0008,0.0001,0.0001,0.0001,0
US83169A1007,2007-09-20T00:00:00,0.0008,0.0001,0.0001,0.0001,0
US83169A1007,2007-09-25T00:00:00,0.002,0.0001,0.0001,0.0001,0
US83169A1007,2007-09-26T00:00:00,0.0008,0.0001,0.0001,0.0001,0
US83169A1007,2007-09-27T00:00:00,0.0008,0.0001,0.0001,0.0001,0
US83169A1007,2007-09-28T00:00:00,0.0008,0.0001,0.0001,0.0001,0
US83169A1007,2007-10-01T00:00:00,0.0008,0.0001,0.0001,0.0001,0
US83169A1007,2007-10-02T00:00:00,0.0008,0.0001,0.0001,0.0001,0
US83169A1007,2007-10-03T00:00:00,0.003,0.0001,0.0001,0.0001,0
US83169A1007,2007-10-04T00:00:00,0.003,0.0001,0.0001,0.0001,0
US83169A1007,2007-10-05T00:00:00,0.003,0.0001,0.0001,0.0001,0
US83169A1007,2007-10-08T00:00:00,0.003,0.0001,0.0001,0.0001,0
US83169A1007,2007-10-12T00:00:00,0.0015,0.0001,0.0001,0.0001,0
US83169A1007,2007-10-15T00:00:00,0.0015,0.0001,0.0001,0.0001,0
US83169A1007,2007-10-16T00:00:00,0.004,0.0001,0.0001,0.0001,0
US83169A1007,2007-10-17T00:00:00,0.0015,0.0001,0.0001,0.0001,0
US83169A1007,2007-10-18T00:00:00,0.0015,0.0001,0.0001,0.0001,0
US83169A1007,2007-10-19T00:00:00,0.0015,0.0001,0.0001,0.0001,0
US83169A1007,2007-10-23T00:00:00,0.002,0.0001,0.0001,0.0001,0
US83169A1007,2007-10-24T00:00:00,0.002,0.0001,0.0001,0.0001,0
US83169A1007,2007-10-25T00:00:00,0.002,0.0001,0.0001,0.0001,0
US83169A1007,2007-10-29T00:00:00,0.002,0.0001,0.0001,0.0001,0
US83169A1007,2007-10-31T00:00:00,0.002,0.0001,0.0001,0.0001,0
US83169A1007,2007-11-01T00:00:00,0.002,0.0001,0.0001,0.0001,0
US83169A1007,2007-11-02T00:00:00,0.002,0.0001,0.0001,0.0001,0
US83169A1007,2007-11-13T00:00:00,0.002,0.0001,0.0001,0.0001,0
US83169A1007,2007-11-19T00:00:00,0.002,0.0001,0.0001,0.0001,0
US83169A1007,2007-11-20T00:00:00,0.002,0.0001,0.0001,0.0001,0
US83169A1007,2007-11-21T00:00:00,0.002,0.0001,0.0001,0.0001,0
US83169A1007,2007-11-26T00:00:00,0.002,0.0001,0.0001,0.0001,0
US83169A1007,2007-11-27T00:00:00,0.002,0.0003,0.0003,0.0003,0
US83169A1007,2007-11-29T00:00:00,0.002,0.0003,0.0003,0.0003,0
US83169A1007,2007-11-30T00:00:00,0.002,0.0003,0.0003,0.0003,0
US83169A1007,2007-12-03T00:00:00,0.002,0.0003,0.0003,0.0003,0
US83169A1007,2007-12-04T00:00:00,0.002,0.0003,0.0003,0.0003,0
US83169A1007,2007-12-05T00:00:00,0.002,0.0003,0.0003,0.0003,0
US83169A1007,2007-12-07T00:00:00,0.002,0.0003,0.0003,0.0003,0
US83169A1007,2007-12-10T00:00:00,0.002,0.0003,0.0003,0.0003,0
US83169A1007,2007-12-11T00:00:00,0.002,0.0003,0.0003,0.0003,0
US83169A1007,2007-12-12T00:00:00,0.002,0.0003,0.0003,0.0003,0
US83169A1007,2007-12-13T00:00:00,0.002,0.0003,0.0003,0.0003,0
US83169A1007,2007-12-14T00:00:00,0.002,0.0003,0.0003,0.0003,0
US83169A1007,2007-12-17T00:00:00,0.0019,0.0003,0.0003,0.0003,0
US83169A1007,2007-12-18T00:00:00,0.0019,0.0003,0.0003,0.0003,0
US83169A1007,2007-12-19T00:00:00,0.0019,0.0003,0.0003,0.0003,0
US83169A1007,2007-12-20T00:00:00,0.0019,0.0003,0.0003,0.0003,0
US83169A1007,2007-12-21T00:00:00,0.0019,0.0003,0.0003,0.0003,0
US83169A1007,2007-12-24T00:00:00,0.0019,0.0003,0.0003,0.0003,0
US83169A1007,2007-12-26T00:00:00,0.0019,0.0003,0.0003,0.0003,0
US83169A1007,2007-12-27T00:00:00,0.0019,0.0003,0.0003,0.0003,0
US83169A1007,2007-12-28T00:00:00,0.0019,0.0003,0.0003,0.0003,0
US83169A1007,2007-12-31T00:00:00,0.0016,0.0003,0.0003,0.0003,0
US83169A1007,2008-01-03T00:00:00,0.0015,0.0003,0.0003,0.0003,0
US83169A1007,2008-01-04T00:00:00,0.0015,0.0003,0.0003,0.0003,0
US83169A1007,2008-01-07T00:00:00,0.0015,0.0003,0.0003,0.0003,0
US83169A1007,2008-01-08T00:00:00,0.0015,0.005,0.005,0.005,0
US83169A1007,2008-01-11T00:00:00,0.0015,0.0003,0.0003,0.0003,0
US83169A1007,2008-01-18T00:00:00,0.0015,0.0003,0.0003,0.0003,0
US83169A1007,2008-01-24T00:00:00,0.0015,0.0003,0.0003,0.0003,0
US83169A1007,2008-01-25T00:00:00,0.0015,0.0003,0.0003,0.0003,0
US83169A1007,2008-01-28T00:00:00,0.0015,0.0003,0.0003,0.0003,0
US83169A1007,2008-02-07T00:00:00,0.0012,0.0002,0.0002,0.0002,0
US83169A1007,2008-02-11T00:00:00,0.0012,0.0002,0.0002,0.0002,0
US83169A1007,2008-02-12T00:00:00,0.0012,0.0002,0.0002,0.0002,0
US83169A1007,2008-02-25T00:00:00,0.0012,0.0002,0.0002,0.0002,0
US83169A1007,2008-02-27T00:00:00,0.0012,0.0002,0.0002,0.0002,0
US83169A1007,2008-02-29T00:00:00,0.0012,0.0002,0.0002,0.0002,0
US83169A1007,2008-03-03T00:00:00,0.0012,0.0002,0.0002,0.0002,0
US83169A1007,2008-03-04T00:00:00,0.0012,0.0002,0.0002,0.0002,0
US83169A1007,2008-03-10T00:00:00,0.0012,0.0002,0.0002,0.0002,0
US83169A1007,2008-03-11T00:00:00,0.0012,0.0002,0.0002,0.0002,0
US83169A1007,2008-03-17T00:00:00,0.0012,0.005,0.005,0.005,0
US83169A1007,2008-03-19T00:00:00,0.0012,0.005,0.005,0.005,0
US83169A1007,2008-03-24T00:00:00,0.0012,0.0001,0.0001,0.0001,0
US83169A1007,2008-03-31T00:00:00,0.0011,0.0001,0.0001,0.0001,0
US83169A1007,2008-04-01T00:00:00,0.0011,0.0001,0.0001,0.0001,0
US83169A1007,2008-04-09T00:00:00,0.001,0.0001,0.0001,0.0001,0
US83169A1007,2008-04-10T00:00:00,0.001,0.0001,0.0001,0.0001,0
US83169A1007,2008-04-15T00:00:00,0.001,0.0001,0.0001,0.0001,0
US83169A1007,2008-04-16T00:00:00,0.001,0.0001,0.0001,0.0001,0
US83169A1007,2008-04-21T00:00:00,0.001,0.0001,0.0001,0.0001,0
US83169A1007,2008-04-22T00:00:00,0.001,0.0001,0.0001,0.0001,0
US83169A1007,2008-05-02T00:00:00,0.001,0.0001,0.0001,0.0001,0
US83169A1007,2008-05-05T00:00:00,0.001,0.0001,0.0001,0.0001,0
US83169A1007,2008-05-06T00:00:00,0.001,0.0001,0.0001,0.0001,0
US83169A1007,2008-05-07T00:00:00,0.001,0.0001,0.0001,0.0001,0
US83169A1007,2008-05-08T00:00:00,0.001,0.0001,0.0001,0.0001,0
US83169A1007,2008-05-12T00:00:00,0.001,0.0001,0.0001,0.0001,0
US83169A1007,2008-05-21T00:00:00,0.001,0.0001,0.0001,0.0001,0
US83169A1007,2008-06-06T00:00:00,0.0014,0.0001,0.0001,0.0001,0
US83169A1007,2008-06-10T00:00:00,0.0014,0.0001,0.0001,0.0001,0
US83169A1007,2008-06-13T00:00:00,0.0009,0.0001,0.0001,0.0001,0
US83169A1007,2008-06-16T00:00:00,0.0009,0.0001,0.0001,0.0001,0
US83169A1007,2008-06-19T00:00:00,0.0008,0.0001,0.0001,0.0001,0
US83169A1007,2008-06-20T00:00:00,0.0008,0.0001,0.0001,0.0001,0
US83169A1007,2008-06-25T00:00:00,0.0008,0.0001,0.0001,0.0001,0
US83169A1007,2008-06-26T00:00:00,0.0008,0.0001,0.0001,0.0001,0
US83169A1007,2008-07-08T00:00:00,0.0008,0.0001,0.0001,0.0001,0
US83169A1007,2008-07-09T00:00:00,0.0008,0.0001,0.0001,0.0001,0
US83169A1007,2008-07-14T00:00:00,0.0008,0.0001,0.0001,0.0001,0
US83169A1007,2008-07-15T00:00:00,0.0008,0.0001,0.0001,0.0001,0
US83169A1007,2008-07-28T00:00:00,0.0008,0.0001,0.0001,0.0001,0
US83169A1007,2008-07-30T00:00:00,0.0008,0.0001,0.0001,0.0001,0
US83169A1007,2008-08-01T00:00:00,0.0008,0.0001,0.0001,0.0001,0
US83169A1007,2008-08-04T00:00:00,0.001,0.0001,0.0001,0.0001,0
US83169A1007,2008-08-06T00:00:00,0.0008,0.0001,0.0001,0.0001,0
US83169A1007,2008-08-07T00:00:00,0.0008,0.0001,0.0001,0.0001,0
US83169A1007,2008-08-12T00:00:00,0.0008,0.0001,0.0001,0.0001,0
US83169A1007,2008-08-13T00:00:00,0.0008,0.0001,0.0001,0.0001,0
US83169A1007,2008-08-15T00:00:00,0.0008,0.0001,0.0001,0.0001,0
US83169A1007,2008-08-19T00:00:00,0.0008,0.0001,0.0001,0.0001,0
US83169A1007,2008-08-21T00:00:00,0.0008,0.0001,0.0001,0.0001,0
US83169A1007,2008-08-26T00:00:00,0.0008,0.0001,0.0001,0.0001,0
US83169A1007,2008-08-28T00:00:00,0.0008,0.0001,0.0001,0.0001,0
US83169A1007,2008-09-09T00:00:00,0.0007,0.0001,0.0001,0.0001,0
US83169A1007,2008-09-15T00:00:00,0.0007,0.0001,0.0001,0.0001,0
US83169A1007,2008-09-16T00:00:00,0.0007,0.0001,0.0001,0.0001,0
US83169A1007,2008-09-24T00:00:00,0.0007,0.0001,0.0001,0.0001,0
US83169A1007,2008-09-29T00:00:00,0.0007,0.0001,0.0001,0.0001,0
US83169A1007,2008-10-06T00:00:00,0.0007,0.0001,0.0001,0.0001,0
US83169A1007,2008-10-07T00:00:00,0.0007,0.0001,0.0001,0.0001,0
US83169A1007,2008-10-09T00:00:00,0.0007,0.0001,0.0001,0.0001,0
US83169A1007,2008-10-15T00:00:00,0.0007,0.0001,0.0001,0.0001,0
US83169A1007,2008-10-17T00:00:00,0.0007,0.0001,0.0001,0.0001,0
US83169A1007,2008-10-22T00:00:00,0.001,0.0001,0.0001,0.0001,0
US83169A1007,2008-10-30T00:00:00,0.0007,0.0001,0.0001,0.0001,0
US83169A1007,2008-10-31T00:00:00,0.0007,0.0001,0.0001,0.0001,0
US83169A1007,2008-11-03T00:00:00,0.0007,0.0001,0.0001,0.0001,0
US83169A1007,2008-11-04T00:00:00,0.0007,0.0001,0.0001,0.0001,0
US83169A1007,2008-11-11T00:00:00,0.0007,0.0001,0.0001,0.0001,0
US83169A1007,2008-11-19T00:00:00,0.0007,0.0001,0.0001,0.0001,0
US83169A1007,2008-12-02T00:00:00,0.0007,0.0001,0.0001,0.0001,0
US83169A1007,2008-12-05T00:00:00,0.0003,0.0001,0.0001,0.0001,0
US83169A1007,2008-12-09T00:00:00,0.0003,0.0001,0.0001,0.0001,0
US83169A1007,2008-12-12T00:00:00,0.0003,0.0001,0.0001,0.0001,0
US83169A1007,2008-12-22T00:00:00,0.0003,0.0001,0.0001,0.0001,0
US83169A1007,2008-12-23T00:00:00,0.0003,0.0001,0.0001,0.0001,0
US83169A1007,2008-12-24T00:00:00,0.0003,0.0001,0.0001,0.0001,0
US83169A1007,2008-12-26T00:00:00,0.0003,0.0001,0.0001,0.0001,0
US83169A1007,2008-12-29T00:00:00,0.0003,0.0001,0.0001,0.0001,0
US83169A1007,2009-01-02T00:00:00,0.0003,0.0001,0.0001,0.0001,0
US83169A1007,2009-01-07T00:00:00,0.0003,0.0001,0.0001,0.0001,0
US83169A1007,2009-01-08T00:00:00,0.0003,0.0001,0.0001,0.0001,0
US83169A1007,2009-01-13T00:00:00,0.0003,0.0001,0.0001,0.0001,0
US83169A1007,2009-01-15T00:00:00,0.0003,0.0001,0.0001,0.0001,0
US83169A1007,2009-01-21T00:00:00,0.0003,0.0001,0.0001,0.0001,0
US83169A1007,2009-01-22T00:00:00,0.0003,0.0001,0.0001,0.0001,0
US83169A1007,2009-01-30T00:00:00,0.0004,0.0001,0.0001,0.0001,0
US83169A1007,2009-02-10T00:00:00,0.0003,0.0001,0.0001,0.0001,0
US83169A1007,2009-02-18T00:00:00,0.0003,0.0001,0.0001,0.0001,0
US83169A1007,2009-02-20T00:00:00,0.0003,0.0001,0.0001,0.0001,0
US83169A1007,2009-03-02T00:00:00,0.0003,0.0001,0.0001,0.0001,0
US83169A1007,2009-03-03T00:00:00,0.0003,0.0001,0.0001,0.0001,0
US83169A1007,2009-03-04T00:00:00,0.0003,0.0001,0.0001,0.0001,0
US83169A1007,2009-03-06T00:00:00,0.0003,0.0001,0.0001,0.0001,0
US83169A1007,2009-03-09T00:00:00,0.0003,0.0001,0.0001,0.0001,0
US83169A1007,2009-03-10T00:00:00,0.0003,0.0001,0.0001,0.0001,0
US83169A1007,2009-03-11T00:00:00,0.0003,0.0001,0.0001,0.0001,0
US83169A1007,2009-03-17T00:00:00,0.0002,0.0001,0.0001,0.0001,0
US83169A1007,2009-03-18T00:00:00,0.0002,0.0001,0.0001,0.0001,0
US83169A1007,2009-03-19T00:00:00,0.0002,0.0001,0.0001,0.0001,0
US83169A1007,2009-03-20T00:00:00,0.0002,0.0001,0.0001,0.0001,0
US83169A1007,2009-03-24T00:00:00,0.0002,0.0001,0.0001,0.0001,0
US83169A1007,2009-03-25T00:00:00,0.0002,0.0001,0.0001,0.0001,0
US83169A1007,2009-03-26T00:00:00,0.0002,0.0001,0.0001,0.0001,0
US83169A1007,2009-03-30T00:00:00,0.0002,0.0001,0.0001,0.0001,0
US83169A1007,2009-03-31T00:00:00,0.0002,0.0001,0.0001,0.0001,0
US83169A1007,2009-04-02T00:00:00,0.0002,0.0001,0.0001,0.0001,0
US83169A1007,2009-04-03T00:00:00,0.0002,0.0001,0.0001,0.0001,0
US83169A1007,2009-04-08T00:00:00,0.0002,0.0001,0.0001,0.0001,0
US83169A1007,2009-04-09T00:00:00,0.0002,0.0001,0.0001,0.0001,0
US83169A1007,2009-04-13T00:00:00,0.0002,0.0001,0.0001,0.0001,0
US83169A1007,2009-04-14T00:00:00,0.0002,0.0001,0.0001,0.0001,0
US83169A1007,2009-04-15T00:00:00,0.0002,0.0001,0.0001,0.0001,0
US83169A1007,2009-04-17T00:00:00,0.0002,0.0001,0.0001,0.0001,0
US83169A1007,2009-04-21T00:00:00,0.0002,0.0001,0.0001,0.0001,0
US83169A1007,2009-04-22T00:00:00,0.0002,0.0001,0.0001,0.0001,0
US83169A1007,2009-04-27T00:00:00,0.0002,0.0001,0.0001,0.0001,0
US83169A1007,2009-04-29T00:00:00,0.0002,0.0001,0.0001,0.0001,0
US83169A1007,2009-05-06T00:00:00,0.0002,0.0001,0.0001,0.0001,0
US83169A1007,2009-05-14T00:00:00,0.0002,0.0001,0.0001,0.0001,0
US83169A1007,2009-05-15T00:00:00,0.0002,0.0001,0.0001,0.0001,0
US83169A1007,2009-05-18T00:00:00,0.0002,0.0001,0.0001,0.0001,0
US83169A1007,2009-05-27T00:00:00,0.0002,0.0001,0.0001,0.0001,0
US83169A1007,2009-06-01T00:00:00,0.0002,0.0001,0.0001,0.0001,0
US83169A1007,2009-06-02T00:00:00,0.0002,0.0001,0.0001,0.0001,0
US83169A1007,2009-06-08T00:00:00,0.0002,0.0001,0.0001,0.0001,0
US83169A1007,2009-06-15T00:00:00,0.0002,0.0001,0.0001,0.0001,0
US83169A1007,2009-06-19T00:00:00,0.0002,0.0001,0.0001,0.0001,0
US83169A1007,2009-06-22T00:00:00,0.0002,0.0001,0.0001,0.0001,0
US83169A1007,2009-06-23T00:00:00,0.0002,0.0001,0.0001,0.0001,0
US83169A1007,2009-06-25T00:00:00,0.0002,0.0001,0.0001,0.0001,0
US83169A1007,2009-06-29T00:00:00,0.0002,0.0001,0.0001,0.0001,0
US83169A1007,2009-07-17T00:00:00,0.0002,0.0001,0.0001,0.0001,0
US83169A1007,2009-07-22T00:00:00,0.0002,0.0001,0.0001,0.0001,0
US83169A1007,2009-07-27T00:00:00,0.0002,0.0001,0.0001,0.0001,0
US83169A1007,2009-08-13T00:00:00,0.0005,0.0001,0.0001,0.0001,0
US83169A1007,2009-09-10T00:00:00,0.0002,0.0001,0.0001,0.0001,0
US83169A1007,2009-09-14T00:00:00,0.0002,0.0001,0.0001,0.0001,0
US83169A1007,2009-09-15T00:00:00,0.0002,0.0001,0.0001,0.0001,0
US83169A1007,2009-09-16T00:00:00,0.0005,0.0001,0.0001,0.0001,0
US83169A1007,2009-09-18T00:00:00,0.0002,0.0001,0.0001,0.0001,0
US83169A1007,2009-09-21T00:00:00,0.0002,0.0001,0.0001,0.0001,0
US83169A1007,2009-09-23T00:00:00,0.0002,0.0001,0.0001,0.0001,0
US83169A1007,2009-10-05T00:00:00,0.0002,0.0001,0.0001,0.0001,0
US83169A1007,2009-10-06T00:00:00,0.0002,0.0001,0.0001,0.0001,0
US83169A1007,2009-10-13T00:00:00,0.0002,0.0001,0.0001,0.0001,0
US83169A1007,2009-10-14T00:00:00,0.0002,0.0001,0.0001,0.0001,0
US83169A1007,2009-10-15T00:00:00,0.0002,0.0001,0.0001,0.0001,0
US83169A1007,2009-10-20T00:00:00,0.0002,0.0001,0.0001,0.0001,0
US83169A1007,2009-10-22T00:00:00,0.0002,0.0001,0.0001,0.0001,0
US83169A1007,2009-10-27T00:00:00,0.0002,0.0001,0.0001,0.0001,0
US83169A1007,2009-10-28T00:00:00,0.0002,0.0001,0.0001,0.0001,0
US83169A1007,2009-11-02T00:00:00,0.0002,0.0001,0.0001,0.0001,0
US83169A1007,2009-11-09T00:00:00,0.0002,0.0001,0.0001,0.0001,0
US83169A1007,2009-11-17T00:00:00,0.0002,0.0001,0.0001,0.0001,0
US83169A1007,2009-11-18T00:00:00,0.0002,0.0001,0.0001,0.0001,0
US83169A1007,2009-11-25T00:00:00,0.0002,0.0001,0.0001,0.0001,0
US83169A1007,2009-11-27T00:00:00,0.0002,0.0001,0.0001,0.0001,0
US83169A1007,2009-12-01T00:00:00,0.0001,0.0001,0.0001,0.0001,0
US83169A1007,2009-12-02T00:00:00,0.0001,0.0001,0.0001,0.0001,0
US83169A1007,2009-12-07T00:00:00,0.0001,0.0001,0.0001,0.0001,0
US83169A1007,2009-12-08T00:00:00,0.0001,0.0001,0.0001,0.0001,0
US83169A1007,2009-12-10T00:00:00,0.0001,0.0001,0.0001,0.0001,0
US83169A1007,2009-12-11T00:00:00,0.0001,0.0001,0.0001,0.0001,0
US83169A1007,2009-12-15T00:00:00,0.0001,0.0001,0.0001,0.0001,0
US83169A1007,2009-12-16T00:00:00,0.0001,0.0001,0.0001,0.0001,0
US83169A1007,2009-12-29T00:00:00,0.0001,0.0001,0.0001,0.0001,0
US83169A1007,2009-12-30T00:00:00,0.0001,0.0001,0.0001,0.0001,0
US83169A1007,2009-12-31T00:00:00,0.0001,0.0001,0.0001,0.0001,0
US83169A1007,2010-01-04T00:00:00,0.0001,0.0001,0.0001,0.0001,0
US83169A1007,2010-01-06T00:00:00,0.0001,0.0001,0.0001,0.0001,0
US83169A1007,2010-01-11T00:00:00,0.0001,0.0001,0.0001,0.0001,0
US83169A1007,2010-01-20T00:00:00,0.0001,0.0001,0.0001,0.0001,0
US83169A1007,2010-01-25T00:00:00,0.0001,0.0001,0.0001,0.0001,0
US83169A1007,2010-02-08T00:00:00,0.0001,0.0001,0.0001,0.0001,0
US83169A1007,2010-02-19T00:00:00,0.0001,0.0001,0.0001,0.0001,0
US83169A1007,2010-02-22T00:00:00,0.0001,0.0001,0.0001,0.0001,0
US83169A1007,2010-02-24T00:00:00,0.0001,0.0001,0.0001,0.0001,0
US83169A1007,2010-03-09T00:00:00,0.0002,0.0001,0.0001,0.0001,0
US83169A1007,2010-03-11T00:00:00,0.0007,0.0001,0.0001,0.0001,0
US83169A1007,2010-03-12T00:00:00,0.0007,0.0001,0.0001,0.0001,0
US83169A1007,2010-03-15T00:00:00,0.0007,0.0001,0.0001,0.0001,0
US83169A1007,2010-03-16T00:00:00,0.0007,0.0001,0.0001,0.0001,0
US83169A1007,2010-03-18T00:00:00,0.0007,0.0001,0.0001,0.0001,0
US83169A1007,2010-03-19T00:00:00,0.0007,0.0001,0.0001,0.0001,0
US83169A1007,2010-03-25T00:00:00,0.0007,0.0001,0.0001,0.0001,0
US83169A1007,2010-03-31T00:00:00,0.0007,0.0001,0.0001,0.0001,0
US83169A1007,2010-04-01T00:00:00,0.0007,0.0001,0.0001,0.0001,0
US83169A1007,2010-04-05T00:00:00,0.0007,0.0001,0.0001,0.0001,0
US83169A1007,2010-04-06T00:00:00,0.0007,0.0001,0.0001,0.0001,0
US83169A1007,2010-04-09T00:00:00,0.0007,0.0001,0.0001,0.0001,0
US83169A1007,2010-04-12T00:00:00,0.0007,0.0001,0.0001,0.0001,0
US83169A1007,2010-04-16T00:00:00,0.0007,0.0001,0.0001,0.0001,0
US83169A1007,2010-04-20T00:00:00,0.0007,0.0001,0.0001,0.0001,0
US83169A1007,2010-04-21T00:00:00,0.0007,0.0001,0.0001,0.0001,0
US83169A1007,2010-04-27T00:00:00,0.0007,0.0001,0.0001,0.0001,0
US83169A1007,2010-05-04T00:00:00,0.0007,0.0001,0.0001,0.0001,0
US83169A1007,2010-05-10T00:00:00,0.0007,0.0001,0.0001,0.0001,0
US83169A1007,2010-05-25T00:00:00,0.0005,0.0001,0.0001,0.0001,0
US83169A1007,2010-05-27T00:00:00,0.0005,0.0001,0.0001,0.0001,0
US83169A1007,2010-06-16T00:00:00,0.0005,0.0001,0.0001,0.0001,0
US83169A1007,2010-06-18T00:00:00,0.0005,0.0001,0.0001,0.0001,0
US83169A1007,2010-06-21T00:00:00,0.0005,0.0001,0.0001,0.0001,0
US83169A1007,2010-06-24T00:00:00,0.0005,0.0001,0.0001,0.0001,0
US83169A1007,2010-06-25T00:00:00,0.0005,0.0001,0.0001,0.0001,0
US83169A1007,2010-06-30T00:00:00,0.0005,0.0001,0.0001,0.0001,0
US83169A1007,2010-07-13T00:00:00,0.0005,0.0001,0.0001,0.0001,0
US83169A1007,2010-07-20T00:00:00,0.0005,0.0001,0.0001,0.0001,0
US83169A1007,2010-07-21T00:00:00,0.0005,0.0001,0.0001,0.0001,0
US83169A1007,2010-07-22T00:00:00,0.0005,0.0001,0.0001,0.0001,0
US83169A1007,2010-07-23T00:00:00,0.0005,0.0001,0.0001,0.0001,0
US83169A1007,2010-08-03T00:00:00,0.0005,0.0001,0.0001,0.0001,0
US83169A1007,2010-08-06T00:00:00,0.0005,0.0001,0.0001,0.0001,0
US83169A1007,2010-08-10T00:00:00,0.0005,0.0001,0.0001,0.0001,0
US83169A1007,2010-08-19T00:00:00,0.0005,0.0001,0.0001,0.0001,0
US83169A1007,2010-08-24T00:00:00,0.0001,0.0001,0.0001,0.0001,0
US83169A1007,2010-08-27T00:00:00,0.0001,0.0001,0.0001,0.0001,0
US83169A1007,2010-09-16T00:00:00,0.0001,0.0001,0.0001,0.0001,0
US83169A1007,2010-09-22T00:00:00,0.0001,0.0001,0.0001,0.0001,0
US83169A1007,2010-09-24T00:00:00,0.0001,0.0001,0.0001,0.0001,0
US83169A1007,2010-10-14T00:00:00,0.0001,0.0001,0.0001,0.0001,0
US83169A1007,2010-10-15T00:00:00,0.0001,0.0001,0.0001,0.0001,0
US83169A1007,2010-10-19T00:00:00,0.0001,0.0001,0.0001,0.0001,0
US83169A1007,2010-10-27T00:00:00,0.0013,0.0001,0.0001,0.0001,0
US83169A1007,2010-11-03T00:00:00,0.0001,0.0001,0.0001,0.0001,0
US83169A1007,2010-11-04T00:00:00,0.0001,0.0001,0.0001,0.0001,0
US83169A1007,2010-11-08T00:00:00,0.0001,0.0001,0.0001,0.0001,0
US83169A1007,2010-11-24T00:00:00,0.0001,0.0001,0.0001,0.0001,0
US83169A1007,2010-12-06T00:00:00,0.0001,0.0001,0.0001,0.0001,0
US83169A1007,2010-12-07T00:00:00,0.0001,0.0001,0.0001,0.0001,0
US83169A1007,2010-12-14T00:00:00,0.0001,0.0001,0.0001,0.0001,0
US83169A1007,2010-12-23T00:00:00,0.0001,0.0001,0.0001,0.0001,0
US83169A1007,2010-12-27T00:00:00,0.0001,0.0001,0.0001,0.0001,0
US83169A1007,2010-12-28T00:00:00,0.0001,0.0001,0.0001,0.0001,0
US83169A1007,2010-12-29T00:00:00,0.0001,0.0001,0.0001,0.0001,0
US83169A1007,2010-12-30T00:00:00,0.0001,0.0001,0.0001,0.0001,0
US83169A1007,2010-12-31T00:00:00,0.0001,0.0001,0.0001,0.0001,0
US83169A1007,2011-01-07T00:00:00,0.0013,0.0001,0.0001,0.0001,0
US83169A1007,2011-01-12T00:00:00,0.002,0.0001,0.0001,0.0001,0
US83169A1007,2011-01-18T00:00:00,0.0001,0.0001,0.0001,0.0001,0
US83169A1007,2011-01-20T00:00:00,0.0001,0.0001,0.0001,0.0001,0
US83169A1007,2011-01-26T00:00:00,0.0001,0.0001,0.0001,0.0001,0
US83169A1007,2011-02-01T00:00:00,0.0001,0.0001,0.0001,0.0001,0
US83169A1007,2011-02-10T00:00:00,0.0001,0.0001,0.0001,0.0001,0
US83169A1007,2011-02-11T00:00:00,0.0001,0.0001,0.0001,0.0001,0
US83169A1007,2011-02-15T00:00:00,0.0001,0.0001,0.0001,0.0001,0
US83169A1007,2011-02-16T00:00:00,0.0001,0.0001,0.0001,0.0001,0
US83169A1007,2011-03-04T00:00:00,0.0001,0.0001,0.0001,0.0001,0
US83169A1007,2011-03-15T00:00:00,0.0001,0.0001,0.0001,0.0001,0
US83169A1007,2011-03-22T00:00:00,0.0001,0.0001,0.0001,0.0001,0
US83169A1007,2011-03-24T00:00:00,0.0001,0.0001,0.0001,0.0001,0
US83169A1007,2011-04-01T00:00:00,0.0001,0.0001,0.0001,0.0001,0
US83169A1007,2011-04-08T00:00:00,0.0001,0.0001,0.0001,0.0001,0
US83169A1007,2011-04-12T00:00:00,0.0001,0.0001,0.0001,0.0001,0
US83169A1007,2011-04-26T00:00:00,0.0001,0.0001,0.0001,0.0001,0
US83169A1007,2011-05-10T00:00:00,0.0001,0.0001,0.0001,0.0001,0
US83169A1007,2011-05-13T00:00:00,0.0001,0.0001,0.0001,0.0001,0
US83169A1007,2011-05-18T00:00:00,0.0001,0.0001,0.0001,0.0001,0
US83169A1007,2011-05-31T00:00:00,0.0001,0.0001,0.0001,0.0001,0
US83169A1007,2011-06-02T00:00:00,0.0001,0.0001,0.0001,0.0001,0
US83169A1007,2011-07-05T00:00:00,0.0001,0.0001,0.0001,0.0001,0
US83169A1007,2011-07-21T00:00:00,0.0001,0.0001,0.0001,0.0001,0
US83169A1007,2011-07-22T00:00:00,0.0001,0.0001,0.0001,0.0001,0
US83169A1007,2011-08-05T00:00:00,0.0001,0.0001,0.0001,0.0001,0
US83169A1007,2011-08-11T00:00:00,0.0001,0.0001,0.0001,0.0001,0
US83169A1007,2011-08-23T00:00:00,0.0001,0.0001,0.0001,0.0001,0
US83169A1007,2011-08-24T00:00:00,0.0001,0.0001,0.0001,0.0001,0
US83169A1007,2011-08-29T00:00:00,0.0001,0.0001,0.0001,0.0001,0
US83169A1007,2011-08-30T00:00:00,0.0001,0.0001,0.0001,0.0001,0
US83169A1007,2011-09-14T00:00:00,0.0001,0.0001,0.0001,0.0001,0
US83169A1007,2011-09-20T00:00:00,0.0001,0.0001,0.0001,0.0001,0
US83169A1007,2011-09-26T00:00:00,0.0001,0.0001,0.0001,0.0001,0
US83169A1007,2011-09-27T00:00:00,0.0001,0.0001,0.0001,0.0001,0
US83169A1007,2011-10-03T00:00:00,0.0001,0.0001,0.0001,0.0001,0
US83169A1007,2011-10-17T00:00:00,0.0001,0.0001,0.0001,0.0001,0
US83169A1007,2011-10-21T00:00:00,0.0001,0.0001,0.0001,0.0001,0
US83169A1007,2011-10-26T00:00:00,0.0001,0.0001,0.0001,0.0001,0
US83169A1007,2011-11-07T00:00:00,0.0001,0.0001,0.0001,0.0001,0
US83169A1007,2011-11-10T00:00:00,0.002,0.0001,0.0001,0.0001,0
US83169A1007,2011-11-16T00:00:00,0.0001,0.0001,0.0001,0.0001,0
US83169A1007,2011-11-22T00:00:00,0.002,0.0001,0.0001,0.0001,0
US83169A1007,2011-12-02T00:00:00,0.0001,0.0001,0.0001,0.0001,0
US83169A1007,2011-12-07T00:00:00,0.0001,0.0001,0.0001,0.0001,0
US83169A1007,2011-12-09T00:00:00,0.0001,0.0001,0.0001,0.0001,0
US83169A1007,2011-12-29T00:00:00,0.0001,0.0001,0.0001,0.0001,0
US83169A1007,2012-01-05T00:00:00,0.0001,0.0001,0.0001,0.0001,0
US83169A1007,2012-01-06T00:00:00,0.0001,0.0001,0.0001,0.0001,0
US83169A1007,2012-01-19T00:00:00,0.0001,0.0001,0.0001,0.0001,0
US83169A1007,2012-02-14T00:00:00,0.0001,0.0001,0.0001,0.0001,0
US83169A1007,2012-02-15T00:00:00,0.0001,0.0001,0.0001,0.0001,0
US83169A1007,2012-02-16T00:00:00,0.0001,0.0001,0.0001,0.0001,0
US83169A1007,2012-02-27T00:00:00,0.0003,0.0001,0.0001,0.0001,0
US83169A1007,2012-03-09T00:00:00,0.0003,0.0001,0.0001,0.0001,0
US83169A1007,2012-03-14T00:00:00,0.0003,0.0001,0.0001,0.0001,0
US83169A1007,2012-04-05T00:00:00,0.005,0.0001,0.0001,0.0001,0
US83169A1007,2012-04-11T00:00:00,0.0003,0.0001,0.0001,0.0001,0
US83169A1007,2012-04-27T00:00:00,0.0002,0.0001,0.0001,0.0001,0
US83169A1007,2012-05-08T00:00:00,0.0002,0.0001,0.0001,0.0001,0
US83169A1007,2012-05-10T00:00:00,0.0002,0.0001,0.0001,0.0001,0
US83169A1007,2012-06-21T00:00:00,0.0001,0.0001,0.0001,0.0001,0
US83169A1007,2012-06-28T00:00:00,0.0001,0.0001,0.0001,0.0001,0
US83169A1007,2012-07-09T00:00:00,0.0001,0.0001,0.0001,0.0001,0
US83169A1007,2012-07-13T00:00:00,0.0001,0.0001,0.0001,0.0001,0
US83169A1007,2012-10-23T00:00:00,0.0001,0.0001,0.0001,0.0001,0
US83169A1007,2013-04-11T00:00:00,0.0001,0.0001,0.0001,0.0001,0
US83169A1007,2013-06-24T00:00:00,0.0001,0.0001,0.0001,0.0001,0
US83169A1007,2013-06-25T00:00:00,0.0001,0.0001,0.0001,0.0001,0
US83169A1007,2013-07-02T00:00:00,0.0001,0.0001,0.0001,0.0001,0
